,contactlens,ethnicity,major,disabilityphysical,eyeglasses,parentsmarriage,weight,daded,momed,momrelig,heighttotal,pincome,disabilitylearning,fbprivacy,dadrelig,computeruse,gender,numberpets,familymilitary,SurveyNr,egoid
6,1,2,5,0,1,2,2,2,2,1,0,0,0,0,1,1,0,1,0,1,92782
7,1,2,5,0,1,2,2,2,2,1,0,0,0,0,1,1,0,1,0,2,92782
8,1,2,5,0,1,2,2,2,2,1,0,0,0,0,1,1,0,1,0,3,92782
9,1,2,5,0,1,2,2,2,2,1,0,0,0,0,1,1,0,1,0,4,92782
10,1,2,5,0,1,2,2,2,2,1,0,0,0,0,1,1,0,1,0,5,92782
11,1,2,5,0,1,2,2,2,2,1,0,0,0,0,1,1,0,1,0,6,92782
12,0,3,5,0,0,2,0,2,0,1,1,0,0,3,1,1,0,3,1,1,96362
13,0,3,5,0,0,2,0,2,0,1,1,0,0,3,1,1,0,3,1,2,96362
14,0,3,5,0,0,2,0,2,0,1,1,0,0,3,1,1,0,3,1,3,96362
15,0,3,5,0,0,2,0,2,0,1,1,0,0,3,1,1,0,3,1,4,96362
16,0,3,5,0,0,2,0,2,0,1,1,0,0,3,1,1,0,3,1,5,96362
17,0,3,5,0,0,2,0,2,0,1,1,0,0,3,1,1,0,3,1,6,96362
24,1,2,2,0,1,2,1,0,2,1,2,0,0,0,1,0,1,1,1,1,91257
25,1,2,2,0,1,2,1,0,2,1,2,0,0,0,1,0,1,1,1,2,91257
26,1,2,2,0,1,2,1,0,2,1,2,0,0,0,1,0,1,1,1,3,91257
27,1,2,2,0,1,2,1,0,2,1,2,0,0,0,1,0,1,1,1,4,91257
28,1,2,2,0,1,2,1,0,2,1,2,0,0,0,1,0,1,1,1,5,91257
29,1,2,2,0,1,2,1,0,2,1,2,0,0,0,1,0,1,1,1,6,91257
30,1,2,3,0,0,2,0,3,2,1,1,0,0,2,1,0,1,2,0,1,97942
31,1,2,3,0,0,2,0,3,2,1,1,0,0,2,1,0,1,2,0,2,97942
32,1,2,3,0,0,2,0,3,2,1,1,0,0,2,1,0,1,2,0,3,97942
33,1,2,3,0,0,2,0,3,2,1,1,0,0,2,1,0,1,2,0,4,97942
34,1,2,3,0,0,2,0,3,2,1,1,0,0,2,1,0,1,2,0,5,97942
35,1,2,3,0,0,2,0,3,2,1,1,0,0,2,1,0,1,2,0,6,97942
42,1,2,5,0,1,2,0,0,0,1,1,0,0,0,1,0,0,1,0,1,31583
43,1,2,5,0,1,2,0,0,0,1,1,0,0,0,1,0,0,1,0,2,31583
44,1,2,5,0,1,2,0,0,0,1,1,0,0,0,1,0,0,1,0,3,31583
45,1,2,5,0,1,2,0,0,0,1,1,0,0,0,1,0,0,1,0,4,31583
46,1,2,5,0,1,2,0,0,0,1,1,0,0,0,1,0,0,1,0,5,31583
47,1,2,5,0,1,2,0,0,0,1,1,0,0,0,1,0,0,1,0,6,31583
48,0,3,6,0,0,1,3,0,2,1,1,0,0,0,1,1,1,1,1,1,10281
49,0,3,6,0,0,1,3,0,2,1,1,0,0,0,1,1,1,1,1,2,10281
50,0,3,6,0,0,1,3,0,2,1,1,0,0,0,1,1,1,1,1,3,10281
51,0,3,6,0,0,1,3,0,2,1,1,0,0,0,1,1,1,1,1,4,10281
52,0,3,6,0,0,1,3,0,2,1,1,0,0,0,1,1,1,1,1,5,10281
53,0,3,6,0,0,1,3,0,2,1,1,0,0,0,1,1,1,1,1,6,10281
54,0,2,1,0,0,2,3,0,0,1,2,3,0,0,4,0,1,2,0,1,31372
55,0,2,1,0,0,2,3,0,0,1,2,3,0,0,4,0,1,2,0,2,31372
56,0,2,1,0,0,2,3,0,0,1,2,3,0,0,4,0,1,2,0,3,31372
57,0,2,1,0,0,2,3,0,0,1,2,3,0,0,4,0,1,2,0,4,31372
58,0,2,1,0,0,2,3,0,0,1,2,3,0,0,4,0,1,2,0,5,31372
59,0,2,1,0,0,2,3,0,0,1,2,3,0,0,4,0,1,2,0,6,31372
60,0,2,1,0,1,2,3,0,2,1,2,0,0,0,1,1,1,1,0,1,44947
61,0,2,1,0,1,2,3,0,2,1,2,0,0,0,1,1,1,1,0,2,44947
62,0,2,1,0,1,2,3,0,2,1,2,0,0,0,1,1,1,1,0,3,44947
63,0,2,1,0,1,2,3,0,2,1,2,0,0,0,1,1,1,1,0,4,44947
64,0,2,1,0,1,2,3,0,2,1,2,0,0,0,1,1,1,1,0,5,44947
65,0,2,1,0,1,2,3,0,2,1,2,0,0,0,1,1,1,1,0,6,44947
66,1,0,6,0,0,1,2,1,1,4,0,1,0,0,1,0,0,2,1,1,77023
67,1,0,6,0,0,1,2,1,1,4,0,1,0,0,1,0,0,2,1,2,77023
68,1,0,6,0,0,1,2,1,1,4,0,1,0,0,1,0,0,2,1,3,77023
69,1,0,6,0,0,1,2,1,1,4,0,1,0,0,1,0,0,2,1,4,77023
70,1,0,6,0,0,1,2,1,1,4,0,1,0,0,1,0,0,2,1,5,77023
71,1,0,6,0,0,1,2,1,1,4,0,1,0,0,1,0,0,2,1,6,77023
72,1,2,1,0,1,2,0,0,0,1,1,1,0,0,1,0,0,1,1,1,11023
73,1,2,1,0,1,2,0,0,0,1,1,1,0,0,1,0,0,1,1,2,11023
74,1,2,1,0,1,2,0,0,0,1,1,1,0,0,1,0,0,1,1,3,11023
75,1,2,1,0,1,2,0,0,0,1,1,1,0,0,1,0,0,1,1,4,11023
76,1,2,1,0,1,2,0,0,0,1,1,1,0,0,1,0,0,1,1,5,11023
77,1,2,1,0,1,2,0,0,0,1,1,1,0,0,1,0,0,1,1,6,11023
78,1,3,3,0,1,2,1,1,1,1,1,0,0,0,1,1,1,2,1,1,35227
79,1,3,3,0,1,2,1,1,1,1,1,0,0,0,1,1,1,2,1,2,35227
80,1,3,3,0,1,2,1,1,1,1,1,0,0,0,1,1,1,2,1,3,35227
81,1,3,3,0,1,2,1,1,1,1,1,0,0,0,1,1,1,2,1,4,35227
82,1,3,3,0,1,2,1,1,1,1,1,0,0,0,1,1,1,2,1,5,35227
83,1,3,3,0,1,2,1,1,1,1,1,0,0,0,1,1,1,2,1,6,35227
84,1,2,2,0,1,2,0,2,0,1,1,0,0,0,1,0,1,2,0,1,30076
85,1,2,2,0,1,2,0,2,0,1,1,0,0,0,1,0,1,2,0,2,30076
86,1,2,2,0,1,2,0,2,0,1,1,0,0,0,1,0,1,2,0,3,30076
87,1,2,2,0,1,2,0,2,0,1,1,0,0,0,1,0,1,2,0,4,30076
88,1,2,2,0,1,2,0,2,0,1,1,0,0,0,1,0,1,2,0,5,30076
89,1,2,2,0,1,2,0,2,0,1,1,0,0,0,1,0,1,2,0,6,30076
90,1,2,1,0,1,2,0,1,1,1,2,1,0,0,1,1,1,1,0,1,63063
91,1,2,1,0,1,2,0,1,1,1,2,1,0,0,1,1,1,1,0,2,63063
92,1,2,1,0,1,2,0,1,1,1,2,1,0,0,1,1,1,1,0,3,63063
93,1,2,1,0,1,2,0,1,1,1,2,1,0,0,1,1,1,1,0,4,63063
94,1,2,1,0,1,2,0,1,1,1,2,1,0,0,1,1,1,1,0,5,63063
95,1,2,1,0,1,2,0,1,1,1,2,1,0,0,1,1,1,1,0,6,63063
96,0,2,5,0,0,2,0,0,2,1,1,0,0,0,1,1,1,0,0,1,71518
97,0,2,5,0,0,2,0,0,2,1,1,0,0,0,1,1,1,0,0,2,71518
98,0,2,5,0,0,2,0,0,2,1,1,0,0,0,1,1,1,0,0,3,71518
99,0,2,5,0,0,2,0,0,2,1,1,0,0,0,1,1,1,0,0,4,71518
100,0,2,5,0,0,2,0,0,2,1,1,0,0,0,1,1,1,0,0,5,71518
101,0,2,5,0,0,2,0,0,2,1,1,0,0,0,1,1,1,0,0,6,71518
102,0,2,2,0,0,2,1,0,0,4,1,1,0,0,4,1,1,2,0,1,86009
103,0,2,2,0,0,2,1,0,0,4,1,1,0,0,4,1,1,2,0,2,86009
104,0,2,2,0,0,2,1,0,0,4,1,1,0,0,4,1,1,2,0,3,86009
105,0,2,2,0,0,2,1,0,0,4,1,1,0,0,4,1,1,2,0,4,86009
106,0,2,2,0,0,2,1,0,0,4,1,1,0,0,4,1,1,2,0,5,86009
107,0,2,2,0,0,2,1,0,0,4,1,1,0,0,4,1,1,2,0,6,86009
108,0,2,1,0,0,2,1,0,2,3,1,0,0,0,3,1,0,1,1,1,47230
109,0,2,1,0,0,2,1,0,2,3,1,0,0,0,3,1,0,1,1,2,47230
110,0,2,1,0,0,2,1,0,2,3,1,0,0,0,3,1,0,1,1,3,47230
111,0,2,1,0,0,2,1,0,2,3,1,0,0,0,3,1,0,1,1,4,47230
112,0,2,1,0,0,2,1,0,2,3,1,0,0,0,3,1,0,1,1,5,47230
113,0,2,1,0,0,2,1,0,2,3,1,0,0,0,3,1,0,1,1,6,47230
114,1,2,2,0,0,1,1,4,3,1,2,0,0,0,4,0,1,2,1,1,69065
115,1,2,2,0,0,1,1,4,3,1,2,0,0,0,4,0,1,2,1,2,69065
116,1,2,2,0,0,1,1,4,3,1,2,0,0,0,4,0,1,2,1,3,69065
117,1,2,2,0,0,1,1,4,3,1,2,0,0,0,4,0,1,2,1,4,69065
118,1,2,2,0,0,1,1,4,3,1,2,0,0,0,4,0,1,2,1,5,69065
119,1,2,2,0,0,1,1,4,3,1,2,0,0,0,4,0,1,2,1,6,69065
120,0,2,3,0,0,1,1,0,2,1,1,0,0,0,0,1,0,2,1,1,16495
121,0,2,3,0,0,1,1,0,2,1,1,0,0,0,0,1,0,2,1,2,16495
122,0,2,3,0,0,1,1,0,2,1,1,0,0,0,0,1,0,2,1,3,16495
123,0,2,3,0,0,1,1,0,2,1,1,0,0,0,0,1,0,2,1,4,16495
124,0,2,3,0,0,1,1,0,2,1,1,0,0,0,0,1,0,2,1,5,16495
125,0,2,3,0,0,1,1,0,2,1,1,0,0,0,0,1,0,2,1,6,16495
126,1,2,1,0,1,2,0,2,2,1,1,0,0,0,1,1,0,1,1,1,21350
127,1,2,1,0,1,2,0,2,2,1,1,0,0,0,1,1,0,1,1,2,21350
128,1,2,1,0,1,2,0,2,2,1,1,0,0,0,1,1,0,1,1,3,21350
129,1,2,1,0,1,2,0,2,2,1,1,0,0,0,1,1,0,1,1,4,21350
130,1,2,1,0,1,2,0,2,2,1,1,0,0,0,1,1,0,1,1,5,21350
131,1,2,1,0,1,2,0,2,2,1,1,0,0,0,1,1,0,1,1,6,21350
132,1,2,2,0,0,2,3,0,0,3,2,1,0,0,3,1,1,3,0,1,94652
133,1,2,2,0,0,2,3,0,0,3,2,1,0,0,3,1,1,3,0,2,94652
134,1,2,2,0,0,2,3,0,0,3,2,1,0,0,3,1,1,3,0,3,94652
135,1,2,2,0,0,2,3,0,0,3,2,1,0,0,3,1,1,3,0,4,94652
136,1,2,2,0,0,2,3,0,0,3,2,1,0,0,3,1,1,3,0,5,94652
137,1,2,2,0,0,2,3,0,0,3,2,1,0,0,3,1,1,3,0,6,94652
138,1,1,4,0,0,1,1,2,3,1,1,2,0,3,1,1,0,3,1,1,26127
139,1,1,4,0,0,1,1,2,3,1,1,2,0,3,1,1,0,3,1,2,26127
140,1,1,4,0,0,1,1,2,3,1,1,2,0,3,1,1,0,3,1,3,26127
141,1,1,4,0,0,1,1,2,3,1,1,2,0,3,1,1,0,3,1,4,26127
142,1,1,4,0,0,1,1,2,3,1,1,2,0,3,1,1,0,3,1,5,26127
143,1,1,4,0,0,1,1,2,3,1,1,2,0,3,1,1,0,3,1,6,26127
144,1,0,3,0,1,1,0,2,2,1,1,0,0,0,2,0,0,2,1,1,25544
145,1,0,3,0,1,1,0,2,2,1,1,0,0,0,2,0,0,2,1,2,25544
146,1,0,3,0,1,1,0,2,2,1,1,0,0,0,2,0,0,2,1,3,25544
147,1,0,3,0,1,1,0,2,2,1,1,0,0,0,2,0,0,2,1,4,25544
148,1,0,3,0,1,1,0,2,2,1,1,0,0,0,2,0,0,2,1,5,25544
149,1,0,3,0,1,1,0,2,2,1,1,0,0,0,2,0,0,2,1,6,25544
150,0,2,5,0,0,2,1,0,2,1,1,0,0,0,1,1,0,3,1,1,23040
151,0,2,5,0,0,2,1,0,2,1,1,0,0,0,1,1,0,3,1,2,23040
152,0,2,5,0,0,2,1,0,2,1,1,0,0,0,1,1,0,3,1,3,23040
153,0,2,5,0,0,2,1,0,2,1,1,0,0,0,1,1,0,3,1,4,23040
154,0,2,5,0,0,2,1,0,2,1,1,0,0,0,1,1,0,3,1,5,23040
155,0,2,5,0,0,2,1,0,2,1,1,0,0,0,1,1,0,3,1,6,23040
156,1,0,2,0,1,2,0,0,0,0,2,0,0,0,1,0,1,1,0,1,13882
157,1,0,2,0,1,2,0,0,0,0,2,0,0,0,1,0,1,1,0,2,13882
158,1,0,2,0,1,2,0,0,0,0,2,0,0,0,1,0,1,1,0,3,13882
159,1,0,2,0,1,2,0,0,0,0,2,0,0,0,1,0,1,1,0,4,13882
160,1,0,2,0,1,2,0,0,0,0,2,0,0,0,1,0,1,1,0,5,13882
161,1,0,2,0,1,2,0,0,0,0,2,0,0,0,1,0,1,1,0,6,13882
162,1,0,4,0,1,1,2,1,3,1,0,0,0,0,4,1,0,3,0,1,15548
163,1,0,4,0,1,1,2,1,3,1,0,0,0,0,4,1,0,3,0,2,15548
164,1,0,4,0,1,1,2,1,3,1,0,0,0,0,4,1,0,3,0,3,15548
165,1,0,4,0,1,1,2,1,3,1,0,0,0,0,4,1,0,3,0,4,15548
166,1,0,4,0,1,1,2,1,3,1,0,0,0,0,4,1,0,3,0,5,15548
167,1,0,4,0,1,1,2,1,3,1,0,0,0,0,4,1,0,3,0,6,15548
168,1,2,5,0,0,2,1,1,3,3,1,0,0,0,3,0,1,1,1,1,15071
169,1,2,5,0,0,2,1,1,3,3,1,0,0,0,3,0,1,1,1,2,15071
170,1,2,5,0,0,2,1,1,3,3,1,0,0,0,3,0,1,1,1,3,15071
171,1,2,5,0,0,2,1,1,3,3,1,0,0,0,3,0,1,1,1,4,15071
172,1,2,5,0,0,2,1,1,3,3,1,0,0,0,3,0,1,1,1,5,15071
173,1,2,5,0,0,2,1,1,3,3,1,0,0,0,3,0,1,1,1,6,15071
174,1,2,1,0,0,2,3,0,2,1,1,0,0,0,1,1,1,0,0,1,14106
175,1,2,1,0,0,2,3,0,2,1,1,0,0,0,1,1,1,0,0,2,14106
176,1,2,1,0,0,2,3,0,2,1,1,0,0,0,1,1,1,0,0,3,14106
177,1,2,1,0,0,2,3,0,2,1,1,0,0,0,1,1,1,0,0,4,14106
178,1,2,1,0,0,2,3,0,2,1,1,0,0,0,1,1,1,0,0,5,14106
179,1,2,1,0,0,2,3,0,2,1,1,0,0,0,1,1,1,0,0,6,14106
180,1,5,1,0,1,2,2,0,4,4,0,2,0,0,4,1,0,1,1,1,18344
181,1,5,1,0,1,2,2,0,4,4,0,2,0,0,4,1,0,1,1,2,18344
182,1,5,1,0,1,2,2,0,4,4,0,2,0,0,4,1,0,1,1,3,18344
183,1,5,1,0,1,2,2,0,4,4,0,2,0,0,4,1,0,1,1,4,18344
184,1,5,1,0,1,2,2,0,4,4,0,2,0,0,4,1,0,1,1,5,18344
185,1,5,1,0,1,2,2,0,4,4,0,2,0,0,4,1,0,1,1,6,18344
186,0,3,6,0,1,2,0,1,1,1,1,0,0,0,1,0,1,1,1,1,63188
187,0,3,6,0,1,2,0,1,1,1,1,0,0,0,1,0,1,1,1,2,63188
188,0,3,6,0,1,2,0,1,1,1,1,0,0,0,1,0,1,1,1,3,63188
189,0,3,6,0,1,2,0,1,1,1,1,0,0,0,1,0,1,1,1,4,63188
190,0,3,6,0,1,2,0,1,1,1,1,0,0,0,1,0,1,1,1,5,63188
191,0,3,6,0,1,2,0,1,1,1,1,0,0,0,1,0,1,1,1,6,63188
192,0,2,1,0,0,3,0,0,2,1,1,2,0,0,1,0,0,1,0,1,88175
193,0,2,1,0,0,3,0,0,2,1,1,2,0,0,1,0,0,1,0,2,88175
194,0,2,1,0,0,3,0,0,2,1,1,2,0,0,1,0,0,1,0,3,88175
195,0,2,1,0,0,3,0,0,2,1,1,2,0,0,1,0,0,1,0,4,88175
196,0,2,1,0,0,3,0,0,2,1,1,2,0,0,1,0,0,1,0,5,88175
197,0,2,1,0,0,3,0,0,2,1,1,2,0,0,1,0,0,1,0,6,88175
198,0,2,1,0,1,2,0,3,2,1,1,0,0,0,0,1,1,2,0,1,72746
199,0,2,1,0,1,2,0,3,2,1,1,0,0,0,0,1,1,2,0,2,72746
200,0,2,1,0,1,2,0,3,2,1,1,0,0,0,0,1,1,2,0,3,72746
201,0,2,1,0,1,2,0,3,2,1,1,0,0,0,0,1,1,2,0,4,72746
202,0,2,1,0,1,2,0,3,2,1,1,0,0,0,0,1,1,2,0,5,72746
203,0,2,1,0,1,2,0,3,2,1,1,0,0,0,0,1,1,2,0,6,72746
204,0,3,2,0,0,2,0,1,1,1,0,0,0,0,4,1,0,2,0,1,68633
205,0,3,2,0,0,2,0,1,1,1,0,0,0,0,4,1,0,2,0,2,68633
206,0,3,2,0,0,2,0,1,1,1,0,0,0,0,4,1,0,2,0,3,68633
207,0,3,2,0,0,2,0,1,1,1,0,0,0,0,4,1,0,2,0,4,68633
208,0,3,2,0,0,2,0,1,1,1,0,0,0,0,4,1,0,2,0,5,68633
209,0,3,2,0,0,2,0,1,1,1,0,0,0,0,4,1,0,2,0,6,68633
210,0,2,4,0,0,2,0,3,1,1,1,1,0,0,1,1,0,1,1,1,23642
211,0,2,4,0,0,2,0,3,1,1,1,1,0,0,1,1,0,1,1,2,23642
212,0,2,4,0,0,2,0,3,1,1,1,1,0,0,1,1,0,1,1,3,23642
213,0,2,4,0,0,2,0,3,1,1,1,1,0,0,1,1,0,1,1,4,23642
214,0,2,4,0,0,2,0,3,1,1,1,1,0,0,1,1,0,1,1,5,23642
215,0,2,4,0,0,2,0,3,1,1,1,1,0,0,1,1,0,1,1,6,23642
216,0,2,0,0,1,2,0,0,0,1,3,0,0,0,1,1,0,1,1,1,46584
217,0,2,0,0,1,2,0,0,0,1,3,0,0,0,1,1,0,1,1,2,46584
218,0,2,0,0,1,2,0,0,0,1,3,0,0,0,1,1,0,1,1,3,46584
219,0,2,0,0,1,2,0,0,0,1,3,0,0,0,1,1,0,1,1,4,46584
220,0,2,0,0,1,2,0,0,0,1,3,0,0,0,1,1,0,1,1,5,46584
221,0,2,0,0,1,2,0,0,0,1,3,0,0,0,1,1,0,1,1,6,46584
222,1,2,1,0,0,2,1,0,0,1,2,0,0,0,1,0,0,2,0,1,25323
223,1,2,1,0,0,2,1,0,0,1,2,0,0,0,1,0,0,2,0,2,25323
224,1,2,1,0,0,2,1,0,0,1,2,0,0,0,1,0,0,2,0,3,25323
225,1,2,1,0,0,2,1,0,0,1,2,0,0,0,1,0,0,2,0,4,25323
226,1,2,1,0,0,2,1,0,0,1,2,0,0,0,1,0,0,2,0,5,25323
227,1,2,1,0,0,2,1,0,0,1,2,0,0,0,1,0,0,2,0,6,25323
228,1,2,1,0,0,2,1,2,2,1,2,0,0,0,1,1,1,2,0,1,36143
229,1,2,1,0,0,2,1,2,2,1,2,0,0,0,1,1,1,2,0,2,36143
230,1,2,1,0,0,2,1,2,2,1,2,0,0,0,1,1,1,2,0,3,36143
231,1,2,1,0,0,2,1,2,2,1,2,0,0,0,1,1,1,2,0,4,36143
232,1,2,1,0,0,2,1,2,2,1,2,0,0,0,1,1,1,2,0,5,36143
233,1,2,1,0,0,2,1,2,2,1,2,0,0,0,1,1,1,2,0,6,36143
234,0,2,2,0,1,2,1,3,2,1,1,1,0,2,1,0,1,2,0,1,39701
235,0,2,2,0,1,2,1,3,2,1,1,1,0,2,1,0,1,2,0,2,39701
236,0,2,2,0,1,2,1,3,2,1,1,1,0,2,1,0,1,2,0,3,39701
237,0,2,2,0,1,2,1,3,2,1,1,1,0,2,1,0,1,2,0,4,39701
238,0,2,2,0,1,2,1,3,2,1,1,1,0,2,1,0,1,2,0,5,39701
239,0,2,2,0,1,2,1,3,2,1,1,1,0,2,1,0,1,2,0,6,39701
240,1,2,4,0,1,2,0,0,2,1,0,0,0,0,1,0,0,1,0,1,24853
241,1,2,4,0,1,2,0,0,2,1,0,0,0,0,1,0,0,1,0,2,24853
242,1,2,4,0,1,2,0,0,2,1,0,0,0,0,1,0,0,1,0,3,24853
243,1,2,4,0,1,2,0,0,2,1,0,0,0,0,1,0,0,1,0,4,24853
244,1,2,4,0,1,2,0,0,2,1,0,0,0,0,1,0,0,1,0,5,24853
245,1,2,4,0,1,2,0,0,2,1,0,0,0,0,1,0,0,1,0,6,24853
246,1,2,5,0,1,2,2,0,0,1,0,0,0,0,1,1,0,3,0,1,65526
247,1,2,5,0,1,2,2,0,0,1,0,0,0,0,1,1,0,3,0,2,65526
248,1,2,5,0,1,2,2,0,0,1,0,0,0,0,1,1,0,3,0,3,65526
249,1,2,5,0,1,2,2,0,0,1,0,0,0,0,1,1,0,3,0,4,65526
250,1,2,5,0,1,2,2,0,0,1,0,0,0,0,1,1,0,3,0,5,65526
251,1,2,5,0,1,2,2,0,0,1,0,0,0,0,1,1,0,3,0,6,65526
252,1,0,1,0,1,2,2,0,2,4,1,1,0,0,4,1,0,1,1,1,44520
253,1,0,1,0,1,2,2,0,2,4,1,1,0,0,4,1,0,1,1,2,44520
254,1,0,1,0,1,2,2,0,2,4,1,1,0,0,4,1,0,1,1,3,44520
255,1,0,1,0,1,2,2,0,2,4,1,1,0,0,4,1,0,1,1,4,44520
256,1,0,1,0,1,2,2,0,2,4,1,1,0,0,4,1,0,1,1,5,44520
257,1,0,1,0,1,2,2,0,2,4,1,1,0,0,4,1,0,1,1,6,44520
258,0,1,5,0,0,1,3,3,3,1,1,0,0,0,1,1,0,2,0,1,13896
259,0,1,5,0,0,1,3,3,3,1,1,0,0,0,1,1,0,2,0,2,13896
260,0,1,5,0,0,1,3,3,3,1,1,0,0,0,1,1,0,2,0,3,13896
261,0,1,5,0,0,1,3,3,3,1,1,0,0,0,1,1,0,2,0,4,13896
262,0,1,5,0,0,1,3,3,3,1,1,0,0,0,1,1,0,2,0,5,13896
263,0,1,5,0,0,1,3,3,3,1,1,0,0,0,1,1,0,2,0,6,13896
264,0,0,5,0,0,2,0,1,1,1,0,0,0,3,1,1,1,2,1,1,18420
265,0,0,5,0,0,2,0,1,1,1,0,0,0,3,1,1,1,2,1,2,18420
266,0,0,5,0,0,2,0,1,1,1,0,0,0,3,1,1,1,2,1,3,18420
267,0,0,5,0,0,2,0,1,1,1,0,0,0,3,1,1,1,2,1,4,18420
268,0,0,5,0,0,2,0,1,1,1,0,0,0,3,1,1,1,2,1,5,18420
269,0,0,5,0,0,2,0,1,1,1,0,0,0,3,1,1,1,2,1,6,18420
270,1,2,5,0,1,2,1,0,0,1,2,0,0,0,1,0,1,0,0,1,29914
271,1,2,5,0,1,2,1,0,0,1,2,0,0,0,1,0,1,0,0,2,29914
272,1,2,5,0,1,2,1,0,0,1,2,0,0,0,1,0,1,0,0,3,29914
273,1,2,5,0,1,2,1,0,0,1,2,0,0,0,1,0,1,0,0,4,29914
274,1,2,5,0,1,2,1,0,0,1,2,0,0,0,1,0,1,0,0,5,29914
275,1,2,5,0,1,2,1,0,0,1,2,0,0,0,1,0,1,0,0,6,29914
276,0,2,2,0,0,2,3,2,2,1,1,0,0,0,1,0,1,1,0,1,38823
277,0,2,2,0,0,2,3,2,2,1,1,0,0,0,1,0,1,1,0,2,38823
278,0,2,2,0,0,2,3,2,2,1,1,0,0,0,1,0,1,1,0,3,38823
279,0,2,2,0,0,2,3,2,2,1,1,0,0,0,1,0,1,1,0,4,38823
280,0,2,2,0,0,2,3,2,2,1,1,0,0,0,1,0,1,1,0,5,38823
281,0,2,2,0,0,2,3,2,2,1,1,0,0,0,1,0,1,1,0,6,38823
282,0,1,2,0,1,1,2,2,0,1,0,2,0,0,3,0,0,2,0,1,82282
283,0,1,2,0,1,1,2,2,0,1,0,2,0,0,3,0,0,2,0,2,82282
284,0,1,2,0,1,1,2,2,0,1,0,2,0,0,3,0,0,2,0,3,82282
285,0,1,2,0,1,1,2,2,0,1,0,2,0,0,3,0,0,2,0,4,82282
286,0,1,2,0,1,1,2,2,0,1,0,2,0,0,3,0,0,2,0,5,82282
287,0,1,2,0,1,1,2,2,0,1,0,2,0,0,3,0,0,2,0,6,82282
288,0,1,2,0,0,2,1,2,3,1,2,0,0,2,1,0,1,1,1,1,55594
289,0,1,2,0,0,2,1,2,3,1,2,0,0,2,1,0,1,1,1,2,55594
290,0,1,2,0,0,2,1,2,3,1,2,0,0,2,1,0,1,1,1,3,55594
291,0,1,2,0,0,2,1,2,3,1,2,0,0,2,1,0,1,1,1,4,55594
292,0,1,2,0,0,2,1,2,3,1,2,0,0,2,1,0,1,1,1,5,55594
293,0,1,2,0,0,2,1,2,3,1,2,0,0,2,1,0,1,1,1,6,55594
294,0,2,1,0,0,2,3,0,2,1,2,0,0,0,1,1,1,2,0,1,25494
295,0,2,1,0,0,2,3,0,2,1,2,0,0,0,1,1,1,2,0,2,25494
296,0,2,1,0,0,2,3,0,2,1,2,0,0,0,1,1,1,2,0,3,25494
297,0,2,1,0,0,2,3,0,2,1,2,0,0,0,1,1,1,2,0,4,25494
298,0,2,1,0,0,2,3,0,2,1,2,0,0,0,1,1,1,2,0,5,25494
299,0,2,1,0,0,2,3,0,2,1,2,0,0,0,1,1,1,2,0,6,25494
300,0,2,6,0,0,2,0,0,2,1,1,2,0,4,1,0,1,0,0,1,51552
301,0,2,6,0,0,2,0,0,2,1,1,2,0,4,1,0,1,0,0,2,51552
302,0,2,6,0,0,2,0,0,2,1,1,2,0,4,1,0,1,0,0,3,51552
303,0,2,6,0,0,2,0,0,2,1,1,2,0,4,1,0,1,0,0,4,51552
304,0,2,6,0,0,2,0,0,2,1,1,2,0,4,1,0,1,0,0,5,51552
305,0,2,6,0,0,2,0,0,2,1,1,2,0,4,1,0,1,0,0,6,51552
306,0,2,2,0,1,2,0,0,2,1,1,0,0,0,1,1,0,3,0,1,58909
307,0,2,2,0,1,2,0,0,2,1,1,0,0,0,1,1,0,3,0,2,58909
308,0,2,2,0,1,2,0,0,2,1,1,0,0,0,1,1,0,3,0,3,58909
309,0,2,2,0,1,2,0,0,2,1,1,0,0,0,1,1,0,3,0,4,58909
310,0,2,2,0,1,2,0,0,2,1,1,0,0,0,1,1,0,3,0,5,58909
311,0,2,2,0,1,2,0,0,2,1,1,0,0,0,1,1,0,3,0,6,58909
312,0,3,0,0,1,2,2,3,2,1,0,1,0,0,1,1,0,2,0,1,68494
313,0,3,0,0,1,2,2,3,2,1,0,1,0,0,1,1,0,2,0,2,68494
314,0,3,0,0,1,2,2,3,2,1,0,1,0,0,1,1,0,2,0,3,68494
315,0,3,0,0,1,2,2,3,2,1,0,1,0,0,1,1,0,2,0,4,68494
316,0,3,0,0,1,2,2,3,2,1,0,1,0,0,1,1,0,2,0,5,68494
317,0,3,0,0,1,2,2,3,2,1,0,1,0,0,1,1,0,2,0,6,68494
318,1,2,5,0,1,2,0,3,2,1,0,0,0,0,1,1,0,1,0,1,78911
319,1,2,5,0,1,2,0,3,2,1,0,0,0,0,1,1,0,1,0,2,78911
320,1,2,5,0,1,2,0,3,2,1,0,0,0,0,1,1,0,1,0,3,78911
321,1,2,5,0,1,2,0,3,2,1,0,0,0,0,1,1,0,1,0,4,78911
322,1,2,5,0,1,2,0,3,2,1,0,0,0,0,1,1,0,1,0,5,78911
323,1,2,5,0,1,2,0,3,2,1,0,0,0,0,1,1,0,1,0,6,78911
324,0,3,1,0,0,2,0,0,2,1,1,1,0,0,1,1,0,0,1,1,84841
325,0,3,1,0,0,2,0,0,2,1,1,1,0,0,1,1,0,0,1,2,84841
326,0,3,1,0,0,2,0,0,2,1,1,1,0,0,1,1,0,0,1,3,84841
327,0,3,1,0,0,2,0,0,2,1,1,1,0,0,1,1,0,0,1,4,84841
328,0,3,1,0,0,2,0,0,2,1,1,1,0,0,1,1,0,0,1,5,84841
329,0,3,1,0,0,2,0,0,2,1,1,1,0,0,1,1,0,0,1,6,84841
330,0,2,5,0,0,2,0,1,2,1,2,0,0,0,1,0,1,2,1,1,71187
331,0,2,5,0,0,2,0,1,2,1,2,0,0,0,1,0,1,2,1,2,71187
332,0,2,5,0,0,2,0,1,2,1,2,0,0,0,1,0,1,2,1,3,71187
333,0,2,5,0,0,2,0,1,2,1,2,0,0,0,1,0,1,2,1,4,71187
334,0,2,5,0,0,2,0,1,2,1,2,0,0,0,1,0,1,2,1,5,71187
335,0,2,5,0,0,2,0,1,2,1,2,0,0,0,1,0,1,2,1,6,71187
336,1,3,2,0,1,2,0,2,2,1,0,0,0,0,1,1,0,3,0,1,22931
337,1,3,2,0,1,2,0,2,2,1,0,0,0,0,1,1,0,3,0,2,22931
338,1,3,2,0,1,2,0,2,2,1,0,0,0,0,1,1,0,3,0,3,22931
339,1,3,2,0,1,2,0,2,2,1,0,0,0,0,1,1,0,3,0,4,22931
340,1,3,2,0,1,2,0,2,2,1,0,0,0,0,1,1,0,3,0,5,22931
341,1,3,2,0,1,2,0,2,2,1,0,0,0,0,1,1,0,3,0,6,22931
342,1,2,0,0,1,2,1,3,3,1,1,1,0,0,1,1,0,3,0,1,17353
343,1,2,0,0,1,2,1,3,3,1,1,1,0,0,1,1,0,3,0,2,17353
344,1,2,0,0,1,2,1,3,3,1,1,1,0,0,1,1,0,3,0,3,17353
345,1,2,0,0,1,2,1,3,3,1,1,1,0,0,1,1,0,3,0,4,17353
346,1,2,0,0,1,2,1,3,3,1,1,1,0,0,1,1,0,3,0,5,17353
347,1,2,0,0,1,2,1,3,3,1,1,1,0,0,1,1,0,3,0,6,17353
348,0,2,2,0,1,2,0,0,2,1,1,0,0,0,1,1,1,0,0,1,53884
349,0,2,2,0,1,2,0,0,2,1,1,0,0,0,1,1,1,0,0,2,53884
350,0,2,2,0,1,2,0,0,2,1,1,0,0,0,1,1,1,0,0,3,53884
351,0,2,2,0,1,2,0,0,2,1,1,0,0,0,1,1,1,0,0,4,53884
352,0,2,2,0,1,2,0,0,2,1,1,0,0,0,1,1,1,0,0,5,53884
353,0,2,2,0,1,2,0,0,2,1,1,0,0,0,1,1,1,0,0,6,53884
354,1,2,5,0,1,2,2,0,2,1,0,0,0,0,1,1,0,2,0,1,84215
355,1,2,5,0,1,2,2,0,2,1,0,0,0,0,1,1,0,2,0,2,84215
356,1,2,5,0,1,2,2,0,2,1,0,0,0,0,1,1,0,2,0,3,84215
357,1,2,5,0,1,2,2,0,2,1,0,0,0,0,1,1,0,2,0,4,84215
358,1,2,5,0,1,2,2,0,2,1,0,0,0,0,1,1,0,2,0,5,84215
359,1,2,5,0,1,2,2,0,2,1,0,0,0,0,1,1,0,2,0,6,84215
360,0,2,5,0,0,2,0,0,0,1,0,2,0,0,1,1,0,1,1,1,33094
361,0,2,5,0,0,2,0,0,0,1,0,2,0,0,1,1,0,1,1,2,33094
362,0,2,5,0,0,2,0,0,0,1,0,2,0,0,1,1,0,1,1,3,33094
363,0,2,5,0,0,2,0,0,0,1,0,2,0,0,1,1,0,1,1,4,33094
364,0,2,5,0,0,2,0,0,0,1,0,2,0,0,1,1,0,1,1,5,33094
365,0,2,5,0,0,2,0,0,0,1,0,2,0,0,1,1,0,1,1,6,33094
366,0,2,4,0,0,2,2,0,2,1,0,0,0,0,1,0,0,1,0,1,52441
367,0,2,4,0,0,2,2,0,2,1,0,0,0,0,1,0,0,1,0,2,52441
368,0,2,4,0,0,2,2,0,2,1,0,0,0,0,1,0,0,1,0,3,52441
369,0,2,4,0,0,2,2,0,2,1,0,0,0,0,1,0,0,1,0,4,52441
370,0,2,4,0,0,2,2,0,2,1,0,0,0,0,1,0,0,1,0,5,52441
371,0,2,4,0,0,2,2,0,2,1,0,0,0,0,1,0,0,1,0,6,52441
372,0,2,2,0,0,2,3,2,2,1,2,0,0,0,1,1,1,2,1,1,66754
373,0,2,2,0,0,2,3,2,2,1,2,0,0,0,1,1,1,2,1,2,66754
374,0,2,2,0,0,2,3,2,2,1,2,0,0,0,1,1,1,2,1,3,66754
375,0,2,2,0,0,2,3,2,2,1,2,0,0,0,1,1,1,2,1,4,66754
376,0,2,2,0,0,2,3,2,2,1,2,0,0,0,1,1,1,2,1,5,66754
377,0,2,2,0,0,2,3,2,2,1,2,0,0,0,1,1,1,2,1,6,66754
378,0,2,2,0,1,2,0,0,3,1,1,1,0,0,1,1,1,2,0,1,45539
379,0,2,2,0,1,2,0,0,3,1,1,1,0,0,1,1,1,2,0,2,45539
380,0,2,2,0,1,2,0,0,3,1,1,1,0,0,1,1,1,2,0,3,45539
381,0,2,2,0,1,2,0,0,3,1,1,1,0,0,1,1,1,2,0,4,45539
382,0,2,2,0,1,2,0,0,3,1,1,1,0,0,1,1,1,2,0,5,45539
383,0,2,2,0,1,2,0,0,3,1,1,1,0,0,1,1,1,2,0,6,45539
384,0,2,2,0,0,2,3,0,0,1,1,0,0,0,0,1,1,1,1,1,86237
385,0,2,2,0,0,2,3,0,0,1,1,0,0,0,0,1,1,1,1,2,86237
386,0,2,2,0,0,2,3,0,0,1,1,0,0,0,0,1,1,1,1,3,86237
387,0,2,2,0,0,2,3,0,0,1,1,0,0,0,0,1,1,1,1,4,86237
388,0,2,2,0,0,2,3,0,0,1,1,0,0,0,0,1,1,1,1,5,86237
389,0,2,2,0,0,2,3,0,0,1,1,0,0,0,0,1,1,1,1,6,86237
390,0,4,6,0,1,1,0,2,3,4,0,1,0,3,1,0,0,3,0,1,93944
391,0,4,6,0,1,1,0,2,3,4,0,1,0,3,1,0,0,3,0,2,93944
392,0,4,6,0,1,1,0,2,3,4,0,1,0,3,1,0,0,3,0,3,93944
393,0,4,6,0,1,1,0,2,3,4,0,1,0,3,1,0,0,3,0,4,93944
394,0,4,6,0,1,1,0,2,3,4,0,1,0,3,1,0,0,3,0,5,93944
395,0,4,6,0,1,1,0,2,3,4,0,1,0,3,1,0,0,3,0,6,93944
396,0,2,1,0,0,2,0,2,3,1,1,0,0,0,1,1,1,2,1,1,25171
397,0,2,1,0,0,2,0,2,3,1,1,0,0,0,1,1,1,2,1,2,25171
398,0,2,1,0,0,2,0,2,3,1,1,0,0,0,1,1,1,2,1,3,25171
399,0,2,1,0,0,2,0,2,3,1,1,0,0,0,1,1,1,2,1,4,25171
400,0,2,1,0,0,2,0,2,3,1,1,0,0,0,1,1,1,2,1,5,25171
401,0,2,1,0,0,2,0,2,3,1,1,0,0,0,1,1,1,2,1,6,25171
402,0,3,2,0,0,2,1,1,1,1,2,0,0,0,1,1,1,3,1,1,11360
403,0,3,2,0,0,2,1,1,1,1,2,0,0,0,1,1,1,3,1,2,11360
404,0,3,2,0,0,2,1,1,1,1,2,0,0,0,1,1,1,3,1,3,11360
405,0,3,2,0,0,2,1,1,1,1,2,0,0,0,1,1,1,3,1,4,11360
406,0,3,2,0,0,2,1,1,1,1,2,0,0,0,1,1,1,3,1,5,11360
407,0,3,2,0,0,2,1,1,1,1,2,0,0,0,1,1,1,3,1,6,11360
408,1,0,1,0,1,2,2,0,2,2,0,0,0,3,2,0,0,0,1,1,66052
409,1,0,1,0,1,2,2,0,2,2,0,0,0,3,2,0,0,0,1,2,66052
410,1,0,1,0,1,2,2,0,2,2,0,0,0,3,2,0,0,0,1,3,66052
411,1,0,1,0,1,2,2,0,2,2,0,0,0,3,2,0,0,0,1,4,66052
412,1,0,1,0,1,2,2,0,2,2,0,0,0,3,2,0,0,0,1,5,66052
413,1,0,1,0,1,2,2,0,2,2,0,0,0,3,2,0,0,0,1,6,66052
414,1,0,5,0,1,2,0,2,2,1,0,0,0,3,1,1,0,0,0,1,48187
415,1,0,5,0,1,2,0,2,2,1,0,0,0,3,1,1,0,0,0,2,48187
416,1,0,5,0,1,2,0,2,2,1,0,0,0,3,1,1,0,0,0,3,48187
417,1,0,5,0,1,2,0,2,2,1,0,0,0,3,1,1,0,0,0,4,48187
418,1,0,5,0,1,2,0,2,2,1,0,0,0,3,1,1,0,0,0,5,48187
419,1,0,5,0,1,2,0,2,2,1,0,0,0,3,1,1,0,0,0,6,48187
420,0,0,1,0,1,2,0,0,0,4,1,1,0,0,4,1,1,0,0,1,65591
421,0,0,1,0,1,2,0,0,0,4,1,1,0,0,4,1,1,0,0,2,65591
422,0,0,1,0,1,2,0,0,0,4,1,1,0,0,4,1,1,0,0,3,65591
423,0,0,1,0,1,2,0,0,0,4,1,1,0,0,4,1,1,0,0,4,65591
424,0,0,1,0,1,2,0,0,0,4,1,1,0,0,4,1,1,0,0,5,65591
425,0,0,1,0,1,2,0,0,0,4,1,1,0,0,4,1,1,0,0,6,65591
426,0,3,6,0,0,2,3,1,1,1,1,0,0,1,1,1,1,3,1,1,49597
427,0,3,6,0,0,2,3,1,1,1,1,0,0,1,1,1,1,3,1,2,49597
428,0,3,6,0,0,2,3,1,1,1,1,0,0,1,1,1,1,3,1,3,49597
429,0,3,6,0,0,2,3,1,1,1,1,0,0,1,1,1,1,3,1,4,49597
430,0,3,6,0,0,2,3,1,1,1,1,0,0,1,1,1,1,3,1,5,49597
431,0,3,6,0,0,2,3,1,1,1,1,0,0,1,1,1,1,3,1,6,49597
432,0,2,2,0,0,2,3,2,0,3,2,0,0,2,1,1,1,2,1,1,15723
433,0,2,2,0,0,2,3,2,0,3,2,0,0,2,1,1,1,2,1,2,15723
434,0,2,2,0,0,2,3,2,0,3,2,0,0,2,1,1,1,2,1,3,15723
435,0,2,2,0,0,2,3,2,0,3,2,0,0,2,1,1,1,2,1,4,15723
436,0,2,2,0,0,2,3,2,0,3,2,0,0,2,1,1,1,2,1,5,15723
437,0,2,2,0,0,2,3,2,0,3,2,0,0,2,1,1,1,2,1,6,15723
438,0,2,2,0,0,2,1,0,0,1,2,0,0,0,1,1,1,0,1,1,78062
439,0,2,2,0,0,2,1,0,0,1,2,0,0,0,1,1,1,0,1,2,78062
440,0,2,2,0,0,2,1,0,0,1,2,0,0,0,1,1,1,0,1,3,78062
441,0,2,2,0,0,2,1,0,0,1,2,0,0,0,1,1,1,0,1,4,78062
442,0,2,2,0,0,2,1,0,0,1,2,0,0,0,1,1,1,0,1,5,78062
443,0,2,2,0,0,2,1,0,0,1,2,0,0,0,1,1,1,0,1,6,78062
444,0,2,5,0,1,2,0,2,2,1,1,0,0,0,1,0,1,0,1,1,25947
445,0,2,5,0,1,2,0,2,2,1,1,0,0,0,1,0,1,0,1,2,25947
446,0,2,5,0,1,2,0,2,2,1,1,0,0,0,1,0,1,0,1,3,25947
447,0,2,5,0,1,2,0,2,2,1,1,0,0,0,1,0,1,0,1,4,25947
448,0,2,5,0,1,2,0,2,2,1,1,0,0,0,1,0,1,0,1,5,25947
449,0,2,5,0,1,2,0,2,2,1,1,0,0,0,1,0,1,0,1,6,25947
450,0,2,3,0,0,2,0,0,0,1,0,1,0,0,1,1,0,2,1,1,71627
451,0,2,3,0,0,2,0,0,0,1,0,1,0,0,1,1,0,2,1,2,71627
452,0,2,3,0,0,2,0,0,0,1,0,1,0,0,1,1,0,2,1,3,71627
453,0,2,3,0,0,2,0,0,0,1,0,1,0,0,1,1,0,2,1,4,71627
454,0,2,3,0,0,2,0,0,0,1,0,1,0,0,1,1,0,2,1,5,71627
455,0,2,3,0,0,2,0,0,0,1,0,1,0,0,1,1,0,2,1,6,71627
456,0,2,1,0,0,1,3,2,0,1,1,0,0,0,1,0,1,1,0,1,41393
457,0,2,1,0,0,1,3,2,0,1,1,0,0,0,1,0,1,1,0,2,41393
458,0,2,1,0,0,1,3,2,0,1,1,0,0,0,1,0,1,1,0,3,41393
459,0,2,1,0,0,1,3,2,0,1,1,0,0,0,1,0,1,1,0,4,41393
460,0,2,1,0,0,1,3,2,0,1,1,0,0,0,1,0,1,1,0,5,41393
461,0,2,1,0,0,1,3,2,0,1,1,0,0,0,1,0,1,1,0,6,41393
462,1,2,6,0,1,1,0,2,2,1,0,1,0,3,3,1,0,2,0,1,10060
463,1,2,6,0,1,1,0,2,2,1,0,1,0,3,3,1,0,2,0,2,10060
464,1,2,6,0,1,1,0,2,2,1,0,1,0,3,3,1,0,2,0,3,10060
465,1,2,6,0,1,1,0,2,2,1,0,1,0,3,3,1,0,2,0,4,10060
466,1,2,6,0,1,1,0,2,2,1,0,1,0,3,3,1,0,2,0,5,10060
467,1,2,6,0,1,1,0,2,2,1,0,1,0,3,3,1,0,2,0,6,10060
468,0,0,5,0,0,2,1,1,1,1,1,1,0,0,1,1,1,2,0,1,18707
469,0,0,5,0,0,2,1,1,1,1,1,1,0,0,1,1,1,2,0,2,18707
470,0,0,5,0,0,2,1,1,1,1,1,1,0,0,1,1,1,2,0,3,18707
471,0,0,5,0,0,2,1,1,1,1,1,1,0,0,1,1,1,2,0,4,18707
472,0,0,5,0,0,2,1,1,1,1,1,1,0,0,1,1,1,2,0,5,18707
473,0,0,5,0,0,2,1,1,1,1,1,1,0,0,1,1,1,2,0,6,18707
474,0,2,5,0,0,2,1,2,3,1,1,1,0,0,1,1,1,1,1,1,80058
475,0,2,5,0,0,2,1,2,3,1,1,1,0,0,1,1,1,1,1,2,80058
476,0,2,5,0,0,2,1,2,3,1,1,1,0,0,1,1,1,1,1,3,80058
477,0,2,5,0,0,2,1,2,3,1,1,1,0,0,1,1,1,1,1,4,80058
478,0,2,5,0,0,2,1,2,3,1,1,1,0,0,1,1,1,1,1,5,80058
479,0,2,5,0,0,2,1,2,3,1,1,1,0,0,1,1,1,1,1,6,80058
480,0,3,4,0,0,2,1,1,1,1,0,0,0,0,1,1,0,2,0,1,14962
481,0,3,4,0,0,2,1,1,1,1,0,0,0,0,1,1,0,2,0,2,14962
482,0,3,4,0,0,2,1,1,1,1,0,0,0,0,1,1,0,2,0,3,14962
483,0,3,4,0,0,2,1,1,1,1,0,0,0,0,1,1,0,2,0,4,14962
484,0,3,4,0,0,2,1,1,1,1,0,0,0,0,1,1,0,2,0,5,14962
485,0,3,4,0,0,2,1,1,1,1,0,0,0,0,1,1,0,2,0,6,14962
486,1,2,5,0,1,2,0,3,0,1,1,1,0,0,1,1,0,0,1,1,70889
487,1,2,5,0,1,2,0,3,0,1,1,1,0,0,1,1,0,0,1,2,70889
488,1,2,5,0,1,2,0,3,0,1,1,1,0,0,1,1,0,0,1,3,70889
489,1,2,5,0,1,2,0,3,0,1,1,1,0,0,1,1,0,0,1,4,70889
490,1,2,5,0,1,2,0,3,0,1,1,1,0,0,1,1,0,0,1,5,70889
491,1,2,5,0,1,2,0,3,0,1,1,1,0,0,1,1,0,0,1,6,70889
492,1,2,2,0,1,2,0,0,2,1,2,0,0,0,1,1,1,2,0,1,36006
493,1,2,2,0,1,2,0,0,2,1,2,0,0,0,1,1,1,2,0,2,36006
494,1,2,2,0,1,2,0,0,2,1,2,0,0,0,1,1,1,2,0,3,36006
495,1,2,2,0,1,2,0,0,2,1,2,0,0,0,1,1,1,2,0,4,36006
496,1,2,2,0,1,2,0,0,2,1,2,0,0,0,1,1,1,2,0,5,36006
497,1,2,2,0,1,2,0,0,2,1,2,0,0,0,1,1,1,2,0,6,36006
498,0,4,1,0,1,2,3,1,1,1,2,2,0,0,1,1,1,2,0,1,79877
499,0,4,1,0,1,2,3,1,1,1,2,2,0,0,1,1,1,2,0,2,79877
500,0,4,1,0,1,2,3,1,1,1,2,2,0,0,1,1,1,2,0,3,79877
501,0,4,1,0,1,2,3,1,1,1,2,2,0,0,1,1,1,2,0,4,79877
502,0,4,1,0,1,2,3,1,1,1,2,2,0,0,1,1,1,2,0,5,79877
503,0,4,1,0,1,2,3,1,1,1,2,2,0,0,1,1,1,2,0,6,79877
504,0,2,2,0,0,2,0,2,2,1,0,0,0,0,1,1,0,2,0,1,37617
505,0,2,2,0,0,2,0,2,2,1,0,0,0,0,1,1,0,2,0,2,37617
506,0,2,2,0,0,2,0,2,2,1,0,0,0,0,1,1,0,2,0,3,37617
507,0,2,2,0,0,2,0,2,2,1,0,0,0,0,1,1,0,2,0,4,37617
508,0,2,2,0,0,2,0,2,2,1,0,0,0,0,1,1,0,2,0,5,37617
509,0,2,2,0,0,2,0,2,2,1,0,0,0,0,1,1,0,2,0,6,37617
510,1,2,6,0,0,2,1,0,2,3,2,0,0,0,3,0,1,2,0,1,78091
511,1,2,6,0,0,2,1,0,2,3,2,0,0,0,3,0,1,2,0,2,78091
512,1,2,6,0,0,2,1,0,2,3,2,0,0,0,3,0,1,2,0,3,78091
513,1,2,6,0,0,2,1,0,2,3,2,0,0,0,3,0,1,2,0,4,78091
514,1,2,6,0,0,2,1,0,2,3,2,0,0,0,3,0,1,2,0,5,78091
515,1,2,6,0,0,2,1,0,2,3,2,0,0,0,3,0,1,2,0,6,78091
516,0,2,2,0,0,2,0,3,2,1,2,0,0,0,1,0,1,3,0,1,86727
517,0,2,2,0,0,2,0,3,2,1,2,0,0,0,1,0,1,3,0,2,86727
518,0,2,2,0,0,2,0,3,2,1,2,0,0,0,1,0,1,3,0,3,86727
519,0,2,2,0,0,2,0,3,2,1,2,0,0,0,1,0,1,3,0,4,86727
520,0,2,2,0,0,2,0,3,2,1,2,0,0,0,1,0,1,3,0,5,86727
521,0,2,2,0,0,2,0,3,2,1,2,0,0,0,1,0,1,3,0,6,86727
522,0,0,1,0,1,2,0,0,0,1,0,0,0,0,1,0,0,2,0,1,40557
523,0,0,1,0,1,2,0,0,0,1,0,0,0,0,1,0,0,2,0,2,40557
524,0,0,1,0,1,2,0,0,0,1,0,0,0,0,1,0,0,2,0,3,40557
525,0,0,1,0,1,2,0,0,0,1,0,0,0,0,1,0,0,2,0,4,40557
526,0,0,1,0,1,2,0,0,0,1,0,0,0,0,1,0,0,2,0,5,40557
527,0,0,1,0,1,2,0,0,0,1,0,0,0,0,1,0,0,2,0,6,40557
528,1,2,1,0,1,2,0,2,2,1,1,1,0,0,1,0,0,1,1,1,38901
529,1,2,1,0,1,2,0,2,2,1,1,1,0,0,1,0,0,1,1,2,38901
530,1,2,1,0,1,2,0,2,2,1,1,1,0,0,1,0,0,1,1,3,38901
531,1,2,1,0,1,2,0,2,2,1,1,1,0,0,1,0,0,1,1,4,38901
532,1,2,1,0,1,2,0,2,2,1,1,1,0,0,1,0,0,1,1,5,38901
533,1,2,1,0,1,2,0,2,2,1,1,1,0,0,1,0,0,1,1,6,38901
534,0,2,2,0,1,2,1,0,2,1,2,1,0,0,1,1,1,0,1,1,76313
535,0,2,2,0,1,2,1,0,2,1,2,1,0,0,1,1,1,0,1,2,76313
536,0,2,2,0,1,2,1,0,2,1,2,1,0,0,1,1,1,0,1,3,76313
537,0,2,2,0,1,2,1,0,2,1,2,1,0,0,1,1,1,0,1,4,76313
538,0,2,2,0,1,2,1,0,2,1,2,1,0,0,1,1,1,0,1,5,76313
539,0,2,2,0,1,2,1,0,2,1,2,1,0,0,1,1,1,0,1,6,76313
540,0,2,2,0,0,2,1,0,2,1,1,0,0,0,1,1,1,0,0,1,23144
541,0,2,2,0,0,2,1,0,2,1,1,0,0,0,1,1,1,0,0,2,23144
542,0,2,2,0,0,2,1,0,2,1,1,0,0,0,1,1,1,0,0,3,23144
543,0,2,2,0,0,2,1,0,2,1,1,0,0,0,1,1,1,0,0,4,23144
544,0,2,2,0,0,2,1,0,2,1,1,0,0,0,1,1,1,0,0,5,23144
545,0,2,2,0,0,2,1,0,2,1,1,0,0,0,1,1,1,0,0,6,23144
546,0,5,2,0,1,1,3,4,3,3,0,0,0,0,4,1,0,2,1,1,84625
547,0,5,2,0,1,1,3,4,3,3,0,0,0,0,4,1,0,2,1,2,84625
548,0,5,2,0,1,1,3,4,3,3,0,0,0,0,4,1,0,2,1,3,84625
549,0,5,2,0,1,1,3,4,3,3,0,0,0,0,4,1,0,2,1,4,84625
550,0,5,2,0,1,1,3,4,3,3,0,0,0,0,4,1,0,2,1,5,84625
551,0,5,2,0,1,1,3,4,3,3,0,0,0,0,4,1,0,2,1,6,84625
552,1,2,6,0,0,2,3,2,2,1,2,1,0,0,1,0,1,1,0,1,32174
553,1,2,6,0,0,2,3,2,2,1,2,1,0,0,1,0,1,1,0,2,32174
554,1,2,6,0,0,2,3,2,2,1,2,1,0,0,1,0,1,1,0,3,32174
555,1,2,6,0,0,2,3,2,2,1,2,1,0,0,1,0,1,1,0,4,32174
556,1,2,6,0,0,2,3,2,2,1,2,1,0,0,1,0,1,1,0,5,32174
557,1,2,6,0,0,2,3,2,2,1,2,1,0,0,1,0,1,1,0,6,32174
558,0,2,4,0,0,2,1,3,2,1,1,1,0,0,1,0,1,1,1,1,52067
559,0,2,4,0,0,2,1,3,2,1,1,1,0,0,1,0,1,1,1,2,52067
560,0,2,4,0,0,2,1,3,2,1,1,1,0,0,1,0,1,1,1,3,52067
561,0,2,4,0,0,2,1,3,2,1,1,1,0,0,1,0,1,1,1,4,52067
562,0,2,4,0,0,2,1,3,2,1,1,1,0,0,1,0,1,1,1,5,52067
563,0,2,4,0,0,2,1,3,2,1,1,1,0,0,1,0,1,1,1,6,52067
564,1,5,2,0,1,1,0,4,2,4,1,0,2,0,3,1,0,3,1,1,63757
565,1,5,2,0,1,1,0,4,2,4,1,0,2,0,3,1,0,3,1,2,63757
566,1,5,2,0,1,1,0,4,2,4,1,0,2,0,3,1,0,3,1,3,63757
567,1,5,2,0,1,1,0,4,2,4,1,0,2,0,3,1,0,3,1,4,63757
568,1,5,2,0,1,1,0,4,2,4,1,0,2,0,3,1,0,3,1,5,63757
569,1,5,2,0,1,1,0,4,2,4,1,0,2,0,3,1,0,3,1,6,63757
570,0,3,2,0,0,2,0,2,0,1,2,0,0,0,1,1,1,1,1,1,82060
571,0,3,2,0,0,2,0,2,0,1,2,0,0,0,1,1,1,1,1,2,82060
572,0,3,2,0,0,2,0,2,0,1,2,0,0,0,1,1,1,1,1,3,82060
573,0,3,2,0,0,2,0,2,0,1,2,0,0,0,1,1,1,1,1,4,82060
574,0,3,2,0,0,2,0,2,0,1,2,0,0,0,1,1,1,1,1,5,82060
575,0,3,2,0,0,2,0,2,0,1,2,0,0,0,1,1,1,1,1,6,82060
576,0,1,1,0,0,2,0,1,3,3,0,0,0,0,3,2,0,3,0,1,39783
577,0,1,1,0,0,2,0,1,3,3,0,0,0,0,3,2,0,3,0,2,39783
578,0,1,1,0,0,2,0,1,3,3,0,0,0,0,3,2,0,3,0,3,39783
579,0,1,1,0,0,2,0,1,3,3,0,0,0,0,3,2,0,3,0,4,39783
580,0,1,1,0,0,2,0,1,3,3,0,0,0,0,3,2,0,3,0,5,39783
581,0,1,1,0,0,2,0,1,3,3,0,0,0,0,3,2,0,3,0,6,39783
582,1,2,6,0,0,2,0,0,2,1,1,0,0,3,1,0,0,2,0,1,51102
583,1,2,6,0,0,2,0,0,2,1,1,0,0,3,1,0,0,2,0,2,51102
584,1,2,6,0,0,2,0,0,2,1,1,0,0,3,1,0,0,2,0,3,51102
585,1,2,6,0,0,2,0,0,2,1,1,0,0,3,1,0,0,2,0,4,51102
586,1,2,6,0,0,2,0,0,2,1,1,0,0,3,1,0,0,2,0,5,51102
587,1,2,6,0,0,2,0,0,2,1,1,0,0,3,1,0,0,2,0,6,51102
594,0,2,1,0,1,1,0,0,2,2,1,0,0,3,3,1,1,1,1,1,11692
595,0,2,1,0,1,1,0,0,2,2,1,0,0,3,3,1,1,1,1,2,11692
596,0,2,1,0,1,1,0,0,2,2,1,0,0,3,3,1,1,1,1,3,11692
597,0,2,1,0,1,1,0,0,2,2,1,0,0,3,3,1,1,1,1,4,11692
598,0,2,1,0,1,1,0,0,2,2,1,0,0,3,3,1,1,1,1,5,11692
599,0,2,1,0,1,1,0,0,2,2,1,0,0,3,3,1,1,1,1,6,11692
600,0,3,2,0,0,2,2,3,2,1,0,1,0,2,1,1,0,2,0,1,44956
601,0,3,2,0,0,2,2,3,2,1,0,1,0,2,1,1,0,2,0,2,44956
602,0,3,2,0,0,2,2,3,2,1,0,1,0,2,1,1,0,2,0,3,44956
603,0,3,2,0,0,2,2,3,2,1,0,1,0,2,1,1,0,2,0,4,44956
604,0,3,2,0,0,2,2,3,2,1,0,1,0,2,1,1,0,2,0,5,44956
605,0,3,2,0,0,2,2,3,2,1,0,1,0,2,1,1,0,2,0,6,44956
606,1,2,5,0,0,2,2,2,2,1,0,2,0,0,1,1,0,3,1,1,85970
607,1,2,5,0,0,2,2,2,2,1,0,2,0,0,1,1,0,3,1,2,85970
608,1,2,5,0,0,2,2,2,2,1,0,2,0,0,1,1,0,3,1,3,85970
609,1,2,5,0,0,2,2,2,2,1,0,2,0,0,1,1,0,3,1,4,85970
610,1,2,5,0,0,2,2,2,2,1,0,2,0,0,1,1,0,3,1,5,85970
611,1,2,5,0,0,2,2,2,2,1,0,2,0,0,1,1,0,3,1,6,85970
612,1,2,1,0,1,2,2,0,0,1,1,0,0,0,1,1,0,2,1,1,39253
613,1,2,1,0,1,2,2,0,0,1,1,0,0,0,1,1,0,2,1,2,39253
614,1,2,1,0,1,2,2,0,0,1,1,0,0,0,1,1,0,2,1,3,39253
615,1,2,1,0,1,2,2,0,0,1,1,0,0,0,1,1,0,2,1,4,39253
616,1,2,1,0,1,2,2,0,0,1,1,0,0,0,1,1,0,2,1,5,39253
617,1,2,1,0,1,2,2,0,0,1,1,0,0,0,1,1,0,2,1,6,39253
618,1,2,1,0,0,2,1,0,2,1,2,0,0,0,1,1,1,1,0,1,19844
619,1,2,1,0,0,2,1,0,2,1,2,0,0,0,1,1,1,1,0,2,19844
620,1,2,1,0,0,2,1,0,2,1,2,0,0,0,1,1,1,1,0,3,19844
621,1,2,1,0,0,2,1,0,2,1,2,0,0,0,1,1,1,1,0,4,19844
622,1,2,1,0,0,2,1,0,2,1,2,0,0,0,1,1,1,1,0,5,19844
623,1,2,1,0,0,2,1,0,2,1,2,0,0,0,1,1,1,1,0,6,19844
624,0,0,0,0,1,2,1,3,1,2,1,0,0,0,2,1,1,1,1,1,67947
625,0,0,0,0,1,2,1,3,1,2,1,0,0,0,2,1,1,1,1,2,67947
626,0,0,0,0,1,2,1,3,1,2,1,0,0,0,2,1,1,1,1,3,67947
627,0,0,0,0,1,2,1,3,1,2,1,0,0,0,2,1,1,1,1,4,67947
628,0,0,0,0,1,2,1,3,1,2,1,0,0,0,2,1,1,1,1,5,67947
629,0,0,0,0,1,2,1,3,1,2,1,0,0,0,2,1,1,1,1,6,67947
642,1,2,5,0,1,2,1,0,2,1,1,0,0,0,1,1,1,1,0,1,77824
643,1,2,5,0,1,2,1,0,2,1,1,0,0,0,1,1,1,1,0,2,77824
644,1,2,5,0,1,2,1,0,2,1,1,0,0,0,1,1,1,1,0,3,77824
645,1,2,5,0,1,2,1,0,2,1,1,0,0,0,1,1,1,1,0,4,77824
646,1,2,5,0,1,2,1,0,2,1,1,0,0,0,1,1,1,1,0,5,77824
647,1,2,5,0,1,2,1,0,2,1,1,0,0,0,1,1,1,1,0,6,77824
648,0,3,2,0,0,2,3,3,1,1,1,1,0,0,1,1,1,3,1,1,53275
649,0,3,2,0,0,2,3,3,1,1,1,1,0,0,1,1,1,3,1,2,53275
650,0,3,2,0,0,2,3,3,1,1,1,1,0,0,1,1,1,3,1,3,53275
651,0,3,2,0,0,2,3,3,1,1,1,1,0,0,1,1,1,3,1,4,53275
652,0,3,2,0,0,2,3,3,1,1,1,1,0,0,1,1,1,3,1,5,53275
653,0,3,2,0,0,2,3,3,1,1,1,1,0,0,1,1,1,3,1,6,53275
654,1,2,3,0,1,2,0,0,0,1,1,0,0,0,1,1,0,3,0,1,62560
655,1,2,3,0,1,2,0,0,0,1,1,0,0,0,1,1,0,3,0,2,62560
656,1,2,3,0,1,2,0,0,0,1,1,0,0,0,1,1,0,3,0,3,62560
657,1,2,3,0,1,2,0,0,0,1,1,0,0,0,1,1,0,3,0,4,62560
658,1,2,3,0,1,2,0,0,0,1,1,0,0,0,1,1,0,3,0,5,62560
659,1,2,3,0,1,2,0,0,0,1,1,0,0,0,1,1,0,3,0,6,62560
660,1,2,3,0,1,2,0,0,2,1,1,2,0,0,1,1,0,1,1,1,51722
661,1,2,3,0,1,2,0,0,2,1,1,2,0,0,1,1,0,1,1,2,51722
662,1,2,3,0,1,2,0,0,2,1,1,2,0,0,1,1,0,1,1,3,51722
663,1,2,3,0,1,2,0,0,2,1,1,2,0,0,1,1,0,1,1,4,51722
664,1,2,3,0,1,2,0,0,2,1,1,2,0,0,1,1,0,1,1,5,51722
665,1,2,3,0,1,2,0,0,2,1,1,2,0,0,1,1,0,1,1,6,51722
666,0,3,1,0,1,1,1,0,0,1,1,0,0,3,0,1,0,3,0,1,52923
667,0,3,1,0,1,1,1,0,0,1,1,0,0,3,0,1,0,3,0,2,52923
668,0,3,1,0,1,1,1,0,0,1,1,0,0,3,0,1,0,3,0,3,52923
669,0,3,1,0,1,1,1,0,0,1,1,0,0,3,0,1,0,3,0,4,52923
670,0,3,1,0,1,1,1,0,0,1,1,0,0,3,0,1,0,3,0,5,52923
671,0,3,1,0,1,1,1,0,0,1,1,0,0,3,0,1,0,3,0,6,52923
672,1,0,2,0,0,2,0,2,1,1,1,1,0,0,1,0,1,1,1,1,32899
673,1,0,2,0,0,2,0,2,1,1,1,1,0,0,1,0,1,1,1,2,32899
674,1,0,2,0,0,2,0,2,1,1,1,1,0,0,1,0,1,1,1,3,32899
675,1,0,2,0,0,2,0,2,1,1,1,1,0,0,1,0,1,1,1,4,32899
676,1,0,2,0,0,2,0,2,1,1,1,1,0,0,1,0,1,1,1,5,32899
677,1,0,2,0,0,2,0,2,1,1,1,1,0,0,1,0,1,1,1,6,32899
678,0,2,1,0,0,2,1,2,2,1,1,0,0,0,1,1,1,0,0,1,40629
679,0,2,1,0,0,2,1,2,2,1,1,0,0,0,1,1,1,0,0,2,40629
680,0,2,1,0,0,2,1,2,2,1,1,0,0,0,1,1,1,0,0,3,40629
681,0,2,1,0,0,2,1,2,2,1,1,0,0,0,1,1,1,0,0,4,40629
682,0,2,1,0,0,2,1,2,2,1,1,0,0,0,1,1,1,0,0,5,40629
683,0,2,1,0,0,2,1,2,2,1,1,0,0,0,1,1,1,0,0,6,40629
684,1,2,6,0,1,1,0,0,2,1,2,0,0,0,1,0,0,2,0,1,24543
685,1,2,6,0,1,1,0,0,2,1,2,0,0,0,1,0,0,2,0,2,24543
686,1,2,6,0,1,1,0,0,2,1,2,0,0,0,1,0,0,2,0,3,24543
687,1,2,6,0,1,1,0,0,2,1,2,0,0,0,1,0,0,2,0,4,24543
688,1,2,6,0,1,1,0,0,2,1,2,0,0,0,1,0,0,2,0,5,24543
689,1,2,6,0,1,1,0,0,2,1,2,0,0,0,1,0,0,2,0,6,24543
690,1,2,5,0,1,2,3,2,2,1,2,0,0,0,1,1,1,0,1,1,16313
691,1,2,5,0,1,2,3,2,2,1,2,0,0,0,1,1,1,0,1,2,16313
692,1,2,5,0,1,2,3,2,2,1,2,0,0,0,1,1,1,0,1,3,16313
693,1,2,5,0,1,2,3,2,2,1,2,0,0,0,1,1,1,0,1,4,16313
694,1,2,5,0,1,2,3,2,2,1,2,0,0,0,1,1,1,0,1,5,16313
695,1,2,5,0,1,2,3,2,2,1,2,0,0,0,1,1,1,0,1,6,16313
696,0,2,2,0,0,2,1,2,2,1,2,0,0,0,1,0,1,1,0,1,99338
697,0,2,2,0,0,2,1,2,2,1,2,0,0,0,1,0,1,1,0,2,99338
698,0,2,2,0,0,2,1,2,2,1,2,0,0,0,1,0,1,1,0,3,99338
699,0,2,2,0,0,2,1,2,2,1,2,0,0,0,1,0,1,1,0,4,99338
700,0,2,2,0,0,2,1,2,2,1,2,0,0,0,1,0,1,1,0,5,99338
701,0,2,2,0,0,2,1,2,2,1,2,0,0,0,1,0,1,1,0,6,99338
702,0,2,3,0,0,2,0,0,2,1,1,0,0,0,1,1,0,3,0,1,66991
703,0,2,3,0,0,2,0,0,2,1,1,0,0,0,1,1,0,3,0,2,66991
704,0,2,3,0,0,2,0,0,2,1,1,0,0,0,1,1,0,3,0,3,66991
705,0,2,3,0,0,2,0,0,2,1,1,0,0,0,1,1,0,3,0,4,66991
706,0,2,3,0,0,2,0,0,2,1,1,0,0,0,1,1,0,3,0,5,66991
707,0,2,3,0,0,2,0,0,2,1,1,0,0,0,1,1,0,3,0,6,66991
708,1,2,6,0,1,2,0,2,2,1,1,2,0,3,1,1,1,0,1,1,46771
709,1,2,6,0,1,2,0,2,2,1,1,2,0,3,1,1,1,0,1,2,46771
710,1,2,6,0,1,2,0,2,2,1,1,2,0,3,1,1,1,0,1,3,46771
711,1,2,6,0,1,2,0,2,2,1,1,2,0,3,1,1,1,0,1,4,46771
712,1,2,6,0,1,2,0,2,2,1,1,2,0,3,1,1,1,0,1,5,46771
713,1,2,6,0,1,2,0,2,2,1,1,2,0,3,1,1,1,0,1,6,46771
714,1,0,1,0,1,2,1,0,0,4,2,0,0,0,4,1,1,2,1,1,83184
715,1,0,1,0,1,2,1,0,0,4,2,0,0,0,4,1,1,2,1,2,83184
716,1,0,1,0,1,2,1,0,0,4,2,0,0,0,4,1,1,2,1,3,83184
717,1,0,1,0,1,2,1,0,0,4,2,0,0,0,4,1,1,2,1,4,83184
718,1,0,1,0,1,2,1,0,0,4,2,0,0,0,4,1,1,2,1,5,83184
719,1,0,1,0,1,2,1,0,0,4,2,0,0,0,4,1,1,2,1,6,83184
720,0,2,1,0,0,2,3,0,2,1,2,0,0,0,1,1,1,2,0,1,71782
721,0,2,1,0,0,2,3,0,2,1,2,0,0,0,1,1,1,2,0,2,71782
722,0,2,1,0,0,2,3,0,2,1,2,0,0,0,1,1,1,2,0,3,71782
723,0,2,1,0,0,2,3,0,2,1,2,0,0,0,1,1,1,2,0,4,71782
724,0,2,1,0,0,2,3,0,2,1,2,0,0,0,1,1,1,2,0,5,71782
725,0,2,1,0,0,2,3,0,2,1,2,0,0,0,1,1,1,2,0,6,71782
726,0,2,1,0,0,2,0,2,2,1,1,2,2,0,1,1,0,0,1,1,45292
727,0,2,1,0,0,2,0,2,2,1,1,2,2,0,1,1,0,0,1,2,45292
728,0,2,1,0,0,2,0,2,2,1,1,2,2,0,1,1,0,0,1,3,45292
729,0,2,1,0,0,2,0,2,2,1,1,2,2,0,1,1,0,0,1,4,45292
730,0,2,1,0,0,2,0,2,2,1,1,2,2,0,1,1,0,0,1,5,45292
731,0,2,1,0,0,2,0,2,2,1,1,2,2,0,1,1,0,0,1,6,45292
732,1,2,5,0,0,1,0,2,2,1,1,0,0,0,1,0,1,3,0,1,83568
733,1,2,5,0,0,1,0,2,2,1,1,0,0,0,1,0,1,3,0,2,83568
734,1,2,5,0,0,1,0,2,2,1,1,0,0,0,1,0,1,3,0,3,83568
735,1,2,5,0,0,1,0,2,2,1,1,0,0,0,1,0,1,3,0,4,83568
736,1,2,5,0,0,1,0,2,2,1,1,0,0,0,1,0,1,3,0,5,83568
737,1,2,5,0,0,1,0,2,2,1,1,0,0,0,1,0,1,3,0,6,83568
738,0,2,6,0,0,2,3,0,0,2,1,4,0,3,1,1,1,0,1,1,58168
739,0,2,6,0,0,2,3,0,0,2,1,4,0,3,1,1,1,0,1,2,58168
740,0,2,6,0,0,2,3,0,0,2,1,4,0,3,1,1,1,0,1,3,58168
741,0,2,6,0,0,2,3,0,0,2,1,4,0,3,1,1,1,0,1,4,58168
742,0,2,6,0,0,2,3,0,0,2,1,4,0,3,1,1,1,0,1,5,58168
743,0,2,6,0,0,2,3,0,0,2,1,4,0,3,1,1,1,0,1,6,58168
744,0,3,2,0,1,2,1,2,2,1,2,0,0,0,1,1,1,1,1,1,40997
745,0,3,2,0,1,2,1,2,2,1,2,0,0,0,1,1,1,1,1,2,40997
746,0,3,2,0,1,2,1,2,2,1,2,0,0,0,1,1,1,1,1,3,40997
747,0,3,2,0,1,2,1,2,2,1,2,0,0,0,1,1,1,1,1,4,40997
748,0,3,2,0,1,2,1,2,2,1,2,0,0,0,1,1,1,1,1,5,40997
749,0,3,2,0,1,2,1,2,2,1,2,0,0,0,1,1,1,1,1,6,40997
750,0,2,2,0,0,2,3,0,2,1,2,0,0,0,1,1,1,3,0,1,63817
751,0,2,2,0,0,2,3,0,2,1,2,0,0,0,1,1,1,3,0,2,63817
752,0,2,2,0,0,2,3,0,2,1,2,0,0,0,1,1,1,3,0,3,63817
753,0,2,2,0,0,2,3,0,2,1,2,0,0,0,1,1,1,3,0,4,63817
754,0,2,2,0,0,2,3,0,2,1,2,0,0,0,1,1,1,3,0,5,63817
755,0,2,2,0,0,2,3,0,2,1,2,0,0,0,1,1,1,3,0,6,63817
756,1,2,4,0,1,2,2,0,0,1,1,0,0,0,1,1,0,2,0,1,38927
757,1,2,4,0,1,2,2,0,0,1,1,0,0,0,1,1,0,2,0,2,38927
758,1,2,4,0,1,2,2,0,0,1,1,0,0,0,1,1,0,2,0,3,38927
759,1,2,4,0,1,2,2,0,0,1,1,0,0,0,1,1,0,2,0,4,38927
760,1,2,4,0,1,2,2,0,0,1,1,0,0,0,1,1,0,2,0,5,38927
761,1,2,4,0,1,2,2,0,0,1,1,0,0,0,1,1,0,2,0,6,38927
762,1,2,2,0,1,2,1,2,2,1,2,1,0,0,1,0,1,0,0,1,66404
763,1,2,2,0,1,2,1,2,2,1,2,1,0,0,1,0,1,0,0,2,66404
764,1,2,2,0,1,2,1,2,2,1,2,1,0,0,1,0,1,0,0,3,66404
765,1,2,2,0,1,2,1,2,2,1,2,1,0,0,1,0,1,0,0,4,66404
766,1,2,2,0,1,2,1,2,2,1,2,1,0,0,1,0,1,0,0,5,66404
767,1,2,2,0,1,2,1,2,2,1,2,1,0,0,1,0,1,0,0,6,66404
768,0,2,3,0,0,2,2,0,0,1,0,0,0,0,1,1,0,1,1,1,18394
769,0,2,3,0,0,2,2,0,0,1,0,0,0,0,1,1,0,1,1,2,18394
770,0,2,3,0,0,2,2,0,0,1,0,0,0,0,1,1,0,1,1,3,18394
771,0,2,3,0,0,2,2,0,0,1,0,0,0,0,1,1,0,1,1,4,18394
772,0,2,3,0,0,2,2,0,0,1,0,0,0,0,1,1,0,1,1,5,18394
773,0,2,3,0,0,2,2,0,0,1,0,0,0,0,1,1,0,1,1,6,18394
774,1,1,1,0,1,2,1,3,3,3,2,1,0,0,3,1,0,3,0,1,71700
775,1,1,1,0,1,2,1,3,3,3,2,1,0,0,3,1,0,3,0,2,71700
776,1,1,1,0,1,2,1,3,3,3,2,1,0,0,3,1,0,3,0,3,71700
777,1,1,1,0,1,2,1,3,3,3,2,1,0,0,3,1,0,3,0,4,71700
778,1,1,1,0,1,2,1,3,3,3,2,1,0,0,3,1,0,3,0,5,71700
779,1,1,1,0,1,2,1,3,3,3,2,1,0,0,3,1,0,3,0,6,71700
780,0,1,6,0,1,2,3,2,2,3,2,1,0,0,3,0,1,1,0,1,48429
781,0,1,6,0,1,2,3,2,2,3,2,1,0,0,3,0,1,1,0,2,48429
782,0,1,6,0,1,2,3,2,2,3,2,1,0,0,3,0,1,1,0,3,48429
783,0,1,6,0,1,2,3,2,2,3,2,1,0,0,3,0,1,1,0,4,48429
784,0,1,6,0,1,2,3,2,2,3,2,1,0,0,3,0,1,1,0,5,48429
785,0,1,6,0,1,2,3,2,2,3,2,1,0,0,3,0,1,1,0,6,48429
786,0,2,4,0,1,2,0,0,0,3,1,0,0,3,3,1,0,1,0,1,19066
787,0,2,4,0,1,2,0,0,0,3,1,0,0,3,3,1,0,1,0,2,19066
788,0,2,4,0,1,2,0,0,0,3,1,0,0,3,3,1,0,1,0,3,19066
789,0,2,4,0,1,2,0,0,0,3,1,0,0,3,3,1,0,1,0,4,19066
790,0,2,4,0,1,2,0,0,0,3,1,0,0,3,3,1,0,1,0,5,19066
791,0,2,4,0,1,2,0,0,0,3,1,0,0,3,3,1,0,1,0,6,19066
792,0,2,1,0,0,2,1,0,0,1,1,0,0,0,1,1,1,1,0,1,36951
793,0,2,1,0,0,2,1,0,0,1,1,0,0,0,1,1,1,1,0,2,36951
794,0,2,1,0,0,2,1,0,0,1,1,0,0,0,1,1,1,1,0,3,36951
795,0,2,1,0,0,2,1,0,0,1,1,0,0,0,1,1,1,1,0,4,36951
796,0,2,1,0,0,2,1,0,0,1,1,0,0,0,1,1,1,1,0,5,36951
797,0,2,1,0,0,2,1,0,0,1,1,0,0,0,1,1,1,1,0,6,36951
798,0,2,5,0,0,2,1,2,2,1,2,0,0,0,3,0,1,2,1,1,75468
799,0,2,5,0,0,2,1,2,2,1,2,0,0,0,3,0,1,2,1,2,75468
800,0,2,5,0,0,2,1,2,2,1,2,0,0,0,3,0,1,2,1,3,75468
801,0,2,5,0,0,2,1,2,2,1,2,0,0,0,3,0,1,2,1,4,75468
802,0,2,5,0,0,2,1,2,2,1,2,0,0,0,3,0,1,2,1,5,75468
803,0,2,5,0,0,2,1,2,2,1,2,0,0,0,3,0,1,2,1,6,75468
804,0,2,3,0,0,2,1,0,2,1,2,0,0,0,1,1,1,3,0,1,46021
805,0,2,3,0,0,2,1,0,2,1,2,0,0,0,1,1,1,3,0,2,46021
806,0,2,3,0,0,2,1,0,2,1,2,0,0,0,1,1,1,3,0,3,46021
807,0,2,3,0,0,2,1,0,2,1,2,0,0,0,1,1,1,3,0,4,46021
808,0,2,3,0,0,2,1,0,2,1,2,0,0,0,1,1,1,3,0,5,46021
809,0,2,3,0,0,2,1,0,2,1,2,0,0,0,1,1,1,3,0,6,46021
810,0,2,5,0,0,2,2,0,2,3,1,0,0,0,1,1,0,0,1,1,50709
811,0,2,5,0,0,2,2,0,2,3,1,0,0,0,1,1,0,0,1,2,50709
812,0,2,5,0,0,2,2,0,2,3,1,0,0,0,1,1,0,0,1,3,50709
813,0,2,5,0,0,2,2,0,2,3,1,0,0,0,1,1,0,0,1,4,50709
814,0,2,5,0,0,2,2,0,2,3,1,0,0,0,1,1,0,0,1,5,50709
815,0,2,5,0,0,2,2,0,2,3,1,0,0,0,1,1,0,0,1,6,50709
816,0,2,6,0,1,2,0,0,0,1,2,0,0,0,1,1,1,2,0,1,45945
817,0,2,6,0,1,2,0,0,0,1,2,0,0,0,1,1,1,2,0,2,45945
818,0,2,6,0,1,2,0,0,0,1,2,0,0,0,1,1,1,2,0,3,45945
819,0,2,6,0,1,2,0,0,0,1,2,0,0,0,1,1,1,2,0,4,45945
820,0,2,6,0,1,2,0,0,0,1,2,0,0,0,1,1,1,2,0,5,45945
821,0,2,6,0,1,2,0,0,0,1,2,0,0,0,1,1,1,2,0,6,45945
822,0,2,0,0,0,2,2,2,2,1,0,0,0,0,1,0,0,0,0,1,80193
823,0,2,0,0,0,2,2,2,2,1,0,0,0,0,1,0,0,0,0,2,80193
824,0,2,0,0,0,2,2,2,2,1,0,0,0,0,1,0,0,0,0,3,80193
825,0,2,0,0,0,2,2,2,2,1,0,0,0,0,1,0,0,0,0,4,80193
826,0,2,0,0,0,2,2,2,2,1,0,0,0,0,1,0,0,0,0,5,80193
827,0,2,0,0,0,2,2,2,2,1,0,0,0,0,1,0,0,0,0,6,80193
828,0,2,6,0,0,2,0,2,0,1,1,1,0,0,1,1,1,0,1,1,28831
829,0,2,6,0,0,2,0,2,0,1,1,1,0,0,1,1,1,0,1,2,28831
830,0,2,6,0,0,2,0,2,0,1,1,1,0,0,1,1,1,0,1,3,28831
831,0,2,6,0,0,2,0,2,0,1,1,1,0,0,1,1,1,0,1,4,28831
832,0,2,6,0,0,2,0,2,0,1,1,1,0,0,1,1,1,0,1,5,28831
833,0,2,6,0,0,2,0,2,0,1,1,1,0,0,1,1,1,0,1,6,28831
834,1,2,4,0,1,2,0,0,2,1,1,0,0,3,1,0,0,2,0,1,96600
835,1,2,4,0,1,2,0,0,2,1,1,0,0,3,1,0,0,2,0,2,96600
836,1,2,4,0,1,2,0,0,2,1,1,0,0,3,1,0,0,2,0,3,96600
837,1,2,4,0,1,2,0,0,2,1,1,0,0,3,1,0,0,2,0,4,96600
838,1,2,4,0,1,2,0,0,2,1,1,0,0,3,1,0,0,2,0,5,96600
839,1,2,4,0,1,2,0,0,2,1,1,0,0,3,1,0,0,2,0,6,96600
840,0,2,1,0,0,2,1,2,2,1,1,2,0,3,1,1,0,0,0,1,64772
841,0,2,1,0,0,2,1,2,2,1,1,2,0,3,1,1,0,0,0,2,64772
842,0,2,1,0,0,2,1,2,2,1,1,2,0,3,1,1,0,0,0,3,64772
843,0,2,1,0,0,2,1,2,2,1,1,2,0,3,1,1,0,0,0,4,64772
844,0,2,1,0,0,2,1,2,2,1,1,2,0,3,1,1,0,0,0,5,64772
845,0,2,1,0,0,2,1,2,2,1,1,2,0,3,1,1,0,0,0,6,64772
846,0,2,5,0,0,2,0,3,0,1,1,0,0,0,1,0,1,3,0,1,48990
847,0,2,5,0,0,2,0,3,0,1,1,0,0,0,1,0,1,3,0,2,48990
848,0,2,5,0,0,2,0,3,0,1,1,0,0,0,1,0,1,3,0,3,48990
849,0,2,5,0,0,2,0,3,0,1,1,0,0,0,1,0,1,3,0,4,48990
850,0,2,5,0,0,2,0,3,0,1,1,0,0,0,1,0,1,3,0,5,48990
851,0,2,5,0,0,2,0,3,0,1,1,0,0,0,1,0,1,3,0,6,48990
852,0,3,5,0,0,2,1,3,2,2,2,1,0,0,1,1,1,2,1,1,61280
853,0,3,5,0,0,2,1,3,2,2,2,1,0,0,1,1,1,2,1,2,61280
854,0,3,5,0,0,2,1,3,2,2,2,1,0,0,1,1,1,2,1,3,61280
855,0,3,5,0,0,2,1,3,2,2,2,1,0,0,1,1,1,2,1,4,61280
856,0,3,5,0,0,2,1,3,2,2,2,1,0,0,1,1,1,2,1,5,61280
857,0,3,5,0,0,2,1,3,2,2,2,1,0,0,1,1,1,2,1,6,61280
858,0,2,1,0,0,2,1,0,2,1,1,2,0,0,1,1,1,2,0,1,22540
859,0,2,1,0,0,2,1,0,2,1,1,2,0,0,1,1,1,2,0,2,22540
860,0,2,1,0,0,2,1,0,2,1,1,2,0,0,1,1,1,2,0,3,22540
861,0,2,1,0,0,2,1,0,2,1,1,2,0,0,1,1,1,2,0,4,22540
862,0,2,1,0,0,2,1,0,2,1,1,2,0,0,1,1,1,2,0,5,22540
863,0,2,1,0,0,2,1,0,2,1,1,2,0,0,1,1,1,2,0,6,22540
864,1,2,5,0,1,2,1,2,2,1,1,0,0,0,1,0,0,0,0,1,39122
865,1,2,5,0,1,2,1,2,2,1,1,0,0,0,1,0,0,0,0,2,39122
866,1,2,5,0,1,2,1,2,2,1,1,0,0,0,1,0,0,0,0,3,39122
867,1,2,5,0,1,2,1,2,2,1,1,0,0,0,1,0,0,0,0,4,39122
868,1,2,5,0,1,2,1,2,2,1,1,0,0,0,1,0,0,0,0,5,39122
869,1,2,5,0,1,2,1,2,2,1,1,0,0,0,1,0,0,0,0,6,39122
870,1,2,1,0,1,2,1,2,3,1,1,1,0,0,0,1,1,1,1,1,89827
871,1,2,1,0,1,2,1,2,3,1,1,1,0,0,0,1,1,1,1,2,89827
872,1,2,1,0,1,2,1,2,3,1,1,1,0,0,0,1,1,1,1,3,89827
873,1,2,1,0,1,2,1,2,3,1,1,1,0,0,0,1,1,1,1,4,89827
874,1,2,1,0,1,2,1,2,3,1,1,1,0,0,0,1,1,1,1,5,89827
875,1,2,1,0,1,2,1,2,3,1,1,1,0,0,0,1,1,1,1,6,89827
876,0,2,5,0,1,2,0,2,2,1,1,0,0,0,1,1,0,3,0,1,86610
877,0,2,5,0,1,2,0,2,2,1,1,0,0,0,1,1,0,3,0,2,86610
878,0,2,5,0,1,2,0,2,2,1,1,0,0,0,1,1,0,3,0,3,86610
879,0,2,5,0,1,2,0,2,2,1,1,0,0,0,1,1,0,3,0,4,86610
880,0,2,5,0,1,2,0,2,2,1,1,0,0,0,1,1,0,3,0,5,86610
881,0,2,5,0,1,2,0,2,2,1,1,0,0,0,1,1,0,3,0,6,86610
882,0,2,2,0,0,2,0,0,2,1,2,1,0,0,1,1,1,3,0,1,57637
883,0,2,2,0,0,2,0,0,2,1,2,1,0,0,1,1,1,3,0,2,57637
884,0,2,2,0,0,2,0,0,2,1,2,1,0,0,1,1,1,3,0,3,57637
885,0,2,2,0,0,2,0,0,2,1,2,1,0,0,1,1,1,3,0,4,57637
886,0,2,2,0,0,2,0,0,2,1,2,1,0,0,1,1,1,3,0,5,57637
887,0,2,2,0,0,2,0,0,2,1,2,1,0,0,1,1,1,3,0,6,57637
888,0,1,2,0,1,0,1,3,2,1,2,0,0,2,1,1,1,1,0,1,10353
889,0,1,2,0,1,0,1,3,2,1,2,0,0,2,1,1,1,1,0,2,10353
890,0,1,2,0,1,0,1,3,2,1,2,0,0,2,1,1,1,1,0,3,10353
891,0,1,2,0,1,0,1,3,2,1,2,0,0,2,1,1,1,1,0,4,10353
892,0,1,2,0,1,0,1,3,2,1,2,0,0,2,1,1,1,1,0,5,10353
893,0,1,2,0,1,0,1,3,2,1,2,0,0,2,1,1,1,1,0,6,10353
894,0,2,0,0,0,2,1,0,2,1,1,0,0,0,0,0,0,1,0,1,46160
895,0,2,0,0,0,2,1,0,2,1,1,0,0,0,0,0,0,1,0,2,46160
896,0,2,0,0,0,2,1,0,2,1,1,0,0,0,0,0,0,1,0,3,46160
897,0,2,0,0,0,2,1,0,2,1,1,0,0,0,0,0,0,1,0,4,46160
898,0,2,0,0,0,2,1,0,2,1,1,0,0,0,0,0,0,1,0,5,46160
899,0,2,0,0,0,2,1,0,2,1,1,0,0,0,0,0,0,1,0,6,46160
900,0,2,5,0,0,2,2,1,1,1,0,0,0,0,1,1,0,0,1,1,45000
901,0,2,5,0,0,2,2,1,1,1,0,0,0,0,1,1,0,0,1,2,45000
902,0,2,5,0,0,2,2,1,1,1,0,0,0,0,1,1,0,0,1,3,45000
903,0,2,5,0,0,2,2,1,1,1,0,0,0,0,1,1,0,0,1,4,45000
904,0,2,5,0,0,2,2,1,1,1,0,0,0,0,1,1,0,0,1,5,45000
905,0,2,5,0,0,2,2,1,1,1,0,0,0,0,1,1,0,0,1,6,45000
906,0,1,0,0,0,1,1,3,3,3,1,0,0,0,3,0,0,3,0,1,88133
907,0,1,0,0,0,1,1,3,3,3,1,0,0,0,3,0,0,3,0,2,88133
908,0,1,0,0,0,1,1,3,3,3,1,0,0,0,3,0,0,3,0,3,88133
909,0,1,0,0,0,1,1,3,3,3,1,0,0,0,3,0,0,3,0,4,88133
910,0,1,0,0,0,1,1,3,3,3,1,0,0,0,3,0,0,3,0,5,88133
911,0,1,0,0,0,1,1,3,3,3,1,0,0,0,3,0,0,3,0,6,88133
912,0,1,0,0,1,2,1,2,0,1,1,0,0,0,3,1,0,0,1,1,75261
913,0,1,0,0,1,2,1,2,0,1,1,0,0,0,3,1,0,0,1,2,75261
914,0,1,0,0,1,2,1,2,0,1,1,0,0,0,3,1,0,0,1,3,75261
915,0,1,0,0,1,2,1,2,0,1,1,0,0,0,3,1,0,0,1,4,75261
916,0,1,0,0,1,2,1,2,0,1,1,0,0,0,3,1,0,0,1,5,75261
917,0,1,0,0,1,2,1,2,0,1,1,0,0,0,3,1,0,0,1,6,75261
918,0,2,2,0,0,2,1,2,2,1,2,1,0,0,1,0,1,1,1,1,78966
919,0,2,2,0,0,2,1,2,2,1,2,1,0,0,1,0,1,1,1,2,78966
920,0,2,2,0,0,2,1,2,2,1,2,1,0,0,1,0,1,1,1,3,78966
921,0,2,2,0,0,2,1,2,2,1,2,1,0,0,1,0,1,1,1,4,78966
922,0,2,2,0,0,2,1,2,2,1,2,1,0,0,1,0,1,1,1,5,78966
923,0,2,2,0,0,2,1,2,2,1,2,1,0,0,1,0,1,1,1,6,78966
924,1,2,6,0,1,2,0,0,2,1,1,2,0,0,1,1,1,1,1,1,55464
925,1,2,6,0,1,2,0,0,2,1,1,2,0,0,1,1,1,1,1,2,55464
926,1,2,6,0,1,2,0,0,2,1,1,2,0,0,1,1,1,1,1,3,55464
927,1,2,6,0,1,2,0,0,2,1,1,2,0,0,1,1,1,1,1,4,55464
928,1,2,6,0,1,2,0,0,2,1,1,2,0,0,1,1,1,1,1,5,55464
929,1,2,6,0,1,2,0,0,2,1,1,2,0,0,1,1,1,1,1,6,55464
930,0,1,2,0,1,1,3,1,1,3,2,0,0,0,3,1,1,0,1,1,86352
931,0,1,2,0,1,1,3,1,1,3,2,0,0,0,3,1,1,0,1,2,86352
932,0,1,2,0,1,1,3,1,1,3,2,0,0,0,3,1,1,0,1,3,86352
933,0,1,2,0,1,1,3,1,1,3,2,0,0,0,3,1,1,0,1,4,86352
934,0,1,2,0,1,1,3,1,1,3,2,0,0,0,3,1,1,0,1,5,86352
935,0,1,2,0,1,1,3,1,1,3,2,0,0,0,3,1,1,0,1,6,86352
936,0,5,3,0,0,2,2,0,0,1,0,2,0,0,0,1,0,1,0,1,22745
937,0,5,3,0,0,2,2,0,0,1,0,2,0,0,0,1,0,1,0,2,22745
938,0,5,3,0,0,2,2,0,0,1,0,2,0,0,0,1,0,1,0,3,22745
939,0,5,3,0,0,2,2,0,0,1,0,2,0,0,0,1,0,1,0,4,22745
940,0,5,3,0,0,2,2,0,0,1,0,2,0,0,0,1,0,1,0,5,22745
941,0,5,3,0,0,2,2,0,0,1,0,2,0,0,0,1,0,1,0,6,22745
942,1,2,4,0,1,2,0,0,0,3,1,0,0,0,3,0,0,2,0,1,78638
943,1,2,4,0,1,2,0,0,0,3,1,0,0,0,3,0,0,2,0,2,78638
944,1,2,4,0,1,2,0,0,0,3,1,0,0,0,3,0,0,2,0,3,78638
945,1,2,4,0,1,2,0,0,0,3,1,0,0,0,3,0,0,2,0,4,78638
946,1,2,4,0,1,2,0,0,0,3,1,0,0,0,3,0,0,2,0,5,78638
947,1,2,4,0,1,2,0,0,0,3,1,0,0,0,3,0,0,2,0,6,78638
948,0,2,0,0,0,2,1,0,1,4,2,0,0,0,4,1,1,2,1,1,34853
949,0,2,0,0,0,2,1,0,1,4,2,0,0,0,4,1,1,2,1,2,34853
950,0,2,0,0,0,2,1,0,1,4,2,0,0,0,4,1,1,2,1,3,34853
951,0,2,0,0,0,2,1,0,1,4,2,0,0,0,4,1,1,2,1,4,34853
952,0,2,0,0,0,2,1,0,1,4,2,0,0,0,4,1,1,2,1,5,34853
953,0,2,0,0,0,2,1,0,1,4,2,0,0,0,4,1,1,2,1,6,34853
954,1,2,2,0,1,2,1,2,2,1,0,1,0,0,1,0,1,1,0,1,50869
955,1,2,2,0,1,2,1,2,2,1,0,1,0,0,1,0,1,1,0,2,50869
956,1,2,2,0,1,2,1,2,2,1,0,1,0,0,1,0,1,1,0,3,50869
957,1,2,2,0,1,2,1,2,2,1,0,1,0,0,1,0,1,1,0,4,50869
958,1,2,2,0,1,2,1,2,2,1,0,1,0,0,1,0,1,1,0,5,50869
959,1,2,2,0,1,2,1,2,2,1,0,1,0,0,1,0,1,1,0,6,50869
960,0,1,0,0,0,1,2,1,2,1,0,1,0,1,4,1,0,2,1,1,46654
961,0,1,0,0,0,1,2,1,2,1,0,1,0,1,4,1,0,2,1,2,46654
962,0,1,0,0,0,1,2,1,2,1,0,1,0,1,4,1,0,2,1,3,46654
963,0,1,0,0,0,1,2,1,2,1,0,1,0,1,4,1,0,2,1,4,46654
964,0,1,0,0,0,1,2,1,2,1,0,1,0,1,4,1,0,2,1,5,46654
965,0,1,0,0,0,1,2,1,2,1,0,1,0,1,4,1,0,2,1,6,46654
966,1,2,0,0,0,2,3,0,3,1,2,0,0,0,1,1,1,3,1,1,73303
967,1,2,0,0,0,2,3,0,3,1,2,0,0,0,1,1,1,3,1,2,73303
968,1,2,0,0,0,2,3,0,3,1,2,0,0,0,1,1,1,3,1,3,73303
969,1,2,0,0,0,2,3,0,3,1,2,0,0,0,1,1,1,3,1,4,73303
970,1,2,0,0,0,2,3,0,3,1,2,0,0,0,1,1,1,3,1,5,73303
971,1,2,0,0,0,2,3,0,3,1,2,0,0,0,1,1,1,3,1,6,73303
972,1,2,2,0,1,2,0,2,2,1,1,0,0,3,1,1,0,2,1,1,74916
973,1,2,2,0,1,2,0,2,2,1,1,0,0,3,1,1,0,2,1,2,74916
974,1,2,2,0,1,2,0,2,2,1,1,0,0,3,1,1,0,2,1,3,74916
975,1,2,2,0,1,2,0,2,2,1,1,0,0,3,1,1,0,2,1,4,74916
976,1,2,2,0,1,2,0,2,2,1,1,0,0,3,1,1,0,2,1,5,74916
977,1,2,2,0,1,2,0,2,2,1,1,0,0,3,1,1,0,2,1,6,74916
978,1,2,2,0,1,2,1,2,0,1,1,2,0,0,1,0,0,1,0,1,50947
979,1,2,2,0,1,2,1,2,0,1,1,2,0,0,1,0,0,1,0,2,50947
980,1,2,2,0,1,2,1,2,0,1,1,2,0,0,1,0,0,1,0,3,50947
981,1,2,2,0,1,2,1,2,0,1,1,2,0,0,1,0,0,1,0,4,50947
982,1,2,2,0,1,2,1,2,0,1,1,2,0,0,1,0,0,1,0,5,50947
983,1,2,2,0,1,2,1,2,0,1,1,2,0,0,1,0,0,1,0,6,50947
984,0,2,1,0,0,2,3,0,0,1,2,0,0,2,1,0,1,1,1,1,52385
985,0,2,1,0,0,2,3,0,0,1,2,0,0,2,1,0,1,1,1,2,52385
986,0,2,1,0,0,2,3,0,0,1,2,0,0,2,1,0,1,1,1,3,52385
987,0,2,1,0,0,2,3,0,0,1,2,0,0,2,1,0,1,1,1,4,52385
988,0,2,1,0,0,2,3,0,0,1,2,0,0,2,1,0,1,1,1,5,52385
989,0,2,1,0,0,2,3,0,0,1,2,0,0,2,1,0,1,1,1,6,52385
990,0,2,5,0,0,2,1,0,0,1,1,0,0,0,1,0,1,0,0,1,24760
991,0,2,5,0,0,2,1,0,0,1,1,0,0,0,1,0,1,0,0,2,24760
992,0,2,5,0,0,2,1,0,0,1,1,0,0,0,1,0,1,0,0,3,24760
993,0,2,5,0,0,2,1,0,0,1,1,0,0,0,1,0,1,0,0,4,24760
994,0,2,5,0,0,2,1,0,0,1,1,0,0,0,1,0,1,0,0,5,24760
995,0,2,5,0,0,2,1,0,0,1,1,0,0,0,1,0,1,0,0,6,24760
996,0,2,2,0,1,2,0,2,2,1,1,0,0,0,1,1,1,2,0,1,40877
997,0,2,2,0,1,2,0,2,2,1,1,0,0,0,1,1,1,2,0,2,40877
998,0,2,2,0,1,2,0,2,2,1,1,0,0,0,1,1,1,2,0,3,40877
999,0,2,2,0,1,2,0,2,2,1,1,0,0,0,1,1,1,2,0,4,40877
1000,0,2,2,0,1,2,0,2,2,1,1,0,0,0,1,1,1,2,0,5,40877
1001,0,2,2,0,1,2,0,2,2,1,1,0,0,0,1,1,1,2,0,6,40877
1002,0,2,5,0,1,2,2,2,2,1,0,2,0,0,1,0,0,2,1,1,38893
1003,0,2,5,0,1,2,2,2,2,1,0,2,0,0,1,0,0,2,1,2,38893
1004,0,2,5,0,1,2,2,2,2,1,0,2,0,0,1,0,0,2,1,3,38893
1005,0,2,5,0,1,2,2,2,2,1,0,2,0,0,1,0,0,2,1,4,38893
1006,0,2,5,0,1,2,2,2,2,1,0,2,0,0,1,0,0,2,1,5,38893
1007,0,2,5,0,1,2,2,2,2,1,0,2,0,0,1,0,0,2,1,6,38893
1008,0,2,0,0,0,2,1,2,2,1,1,2,0,3,1,1,0,3,0,1,59367
1009,0,2,0,0,0,2,1,2,2,1,1,2,0,3,1,1,0,3,0,2,59367
1010,0,2,0,0,0,2,1,2,2,1,1,2,0,3,1,1,0,3,0,3,59367
1011,0,2,0,0,0,2,1,2,2,1,1,2,0,3,1,1,0,3,0,4,59367
1012,0,2,0,0,0,2,1,2,2,1,1,2,0,3,1,1,0,3,0,5,59367
1013,0,2,0,0,0,2,1,2,2,1,1,2,0,3,1,1,0,3,0,6,59367
1014,1,0,2,0,1,2,0,1,2,4,4,0,0,1,4,1,0,2,1,1,60830
1015,1,0,2,0,1,2,0,1,2,4,4,0,0,1,4,1,0,2,1,2,60830
1016,1,0,2,0,1,2,0,1,2,4,4,0,0,1,4,1,0,2,1,3,60830
1017,1,0,2,0,1,2,0,1,2,4,4,0,0,1,4,1,0,2,1,4,60830
1018,1,0,2,0,1,2,0,1,2,4,4,0,0,1,4,1,0,2,1,5,60830
1019,1,0,2,0,1,2,0,1,2,4,4,0,0,1,4,1,0,2,1,6,60830
1020,1,2,2,0,0,2,3,0,0,1,2,1,0,0,1,1,1,1,1,1,68533
1021,1,2,2,0,0,2,3,0,0,1,2,1,0,0,1,1,1,1,1,2,68533
1022,1,2,2,0,0,2,3,0,0,1,2,1,0,0,1,1,1,1,1,3,68533
1023,1,2,2,0,0,2,3,0,0,1,2,1,0,0,1,1,1,1,1,4,68533
1024,1,2,2,0,0,2,3,0,0,1,2,1,0,0,1,1,1,1,1,5,68533
1025,1,2,2,0,0,2,3,0,0,1,2,1,0,0,1,1,1,1,1,6,68533
1026,1,2,2,0,0,2,1,0,2,1,1,0,0,2,1,0,1,1,0,1,49294
1027,1,2,2,0,0,2,1,0,2,1,1,0,0,2,1,0,1,1,0,2,49294
1028,1,2,2,0,0,2,1,0,2,1,1,0,0,2,1,0,1,1,0,3,49294
1029,1,2,2,0,0,2,1,0,2,1,1,0,0,2,1,0,1,1,0,4,49294
1030,1,2,2,0,0,2,1,0,2,1,1,0,0,2,1,0,1,1,0,5,49294
1031,1,2,2,0,0,2,1,0,2,1,1,0,0,2,1,0,1,1,0,6,49294
1032,1,5,2,0,1,2,0,0,2,1,4,1,0,0,1,1,1,1,0,1,50181
1033,1,5,2,0,1,2,0,0,2,1,4,1,0,0,1,1,1,1,0,2,50181
1034,1,5,2,0,1,2,0,0,2,1,4,1,0,0,1,1,1,1,0,3,50181
1035,1,5,2,0,1,2,0,0,2,1,4,1,0,0,1,1,1,1,0,4,50181
1036,1,5,2,0,1,2,0,0,2,1,4,1,0,0,1,1,1,1,0,5,50181
1037,1,5,2,0,1,2,0,0,2,1,4,1,0,0,1,1,1,1,0,6,50181
1038,0,2,6,0,0,2,0,2,0,1,1,0,0,0,1,1,0,2,0,1,13799
1039,0,2,6,0,0,2,0,2,0,1,1,0,0,0,1,1,0,2,0,2,13799
1040,0,2,6,0,0,2,0,2,0,1,1,0,0,0,1,1,0,2,0,3,13799
1041,0,2,6,0,0,2,0,2,0,1,1,0,0,0,1,1,0,2,0,4,13799
1042,0,2,6,0,0,2,0,2,0,1,1,0,0,0,1,1,0,2,0,5,13799
1043,0,2,6,0,0,2,0,2,0,1,1,0,0,0,1,1,0,2,0,6,13799
1044,0,1,6,0,1,1,0,0,2,1,0,1,0,0,1,0,0,0,0,1,66245
1045,0,1,6,0,1,1,0,0,2,1,0,1,0,0,1,0,0,0,0,2,66245
1046,0,1,6,0,1,1,0,0,2,1,0,1,0,0,1,0,0,0,0,3,66245
1047,0,1,6,0,1,1,0,0,2,1,0,1,0,0,1,0,0,0,0,4,66245
1048,0,1,6,0,1,1,0,0,2,1,0,1,0,0,1,0,0,0,0,5,66245
1049,0,1,6,0,1,1,0,0,2,1,0,1,0,0,1,0,0,0,0,6,66245
1050,0,3,2,0,1,1,3,2,3,1,2,1,0,0,4,1,1,3,1,1,17041
1051,0,3,2,0,1,1,3,2,3,1,2,1,0,0,4,1,1,3,1,2,17041
1052,0,3,2,0,1,1,3,2,3,1,2,1,0,0,4,1,1,3,1,3,17041
1053,0,3,2,0,1,1,3,2,3,1,2,1,0,0,4,1,1,3,1,4,17041
1054,0,3,2,0,1,1,3,2,3,1,2,1,0,0,4,1,1,3,1,5,17041
1055,0,3,2,0,1,1,3,2,3,1,2,1,0,0,4,1,1,3,1,6,17041
1056,0,2,5,0,1,2,3,0,0,1,2,1,0,3,1,1,1,2,1,1,73175
1057,0,2,5,0,1,2,3,0,0,1,2,1,0,3,1,1,1,2,1,2,73175
1058,0,2,5,0,1,2,3,0,0,1,2,1,0,3,1,1,1,2,1,3,73175
1059,0,2,5,0,1,2,3,0,0,1,2,1,0,3,1,1,1,2,1,4,73175
1060,0,2,5,0,1,2,3,0,0,1,2,1,0,3,1,1,1,2,1,5,73175
1061,0,2,5,0,1,2,3,0,0,1,2,1,0,3,1,1,1,2,1,6,73175
1062,1,2,3,0,1,2,0,0,0,1,1,0,0,0,1,0,0,0,0,1,57896
1063,1,2,3,0,1,2,0,0,0,1,1,0,0,0,1,0,0,0,0,2,57896
1064,1,2,3,0,1,2,0,0,0,1,1,0,0,0,1,0,0,0,0,3,57896
1065,1,2,3,0,1,2,0,0,0,1,1,0,0,0,1,0,0,0,0,4,57896
1066,1,2,3,0,1,2,0,0,0,1,1,0,0,0,1,0,0,0,0,5,57896
1067,1,2,3,0,1,2,0,0,0,1,1,0,0,0,1,0,0,0,0,6,57896
1068,0,2,3,0,0,2,0,2,2,1,0,0,0,0,1,1,0,2,1,1,22617
1069,0,2,3,0,0,2,0,2,2,1,0,0,0,0,1,1,0,2,1,2,22617
1070,0,2,3,0,0,2,0,2,2,1,0,0,0,0,1,1,0,2,1,3,22617
1071,0,2,3,0,0,2,0,2,2,1,0,0,0,0,1,1,0,2,1,4,22617
1072,0,2,3,0,0,2,0,2,2,1,0,0,0,0,1,1,0,2,1,5,22617
1073,0,2,3,0,0,2,0,2,2,1,0,0,0,0,1,1,0,2,1,6,22617
1074,0,3,2,0,1,2,0,1,1,1,0,1,0,0,1,1,0,0,1,1,10841
1075,0,3,2,0,1,2,0,1,1,1,0,1,0,0,1,1,0,0,1,2,10841
1076,0,3,2,0,1,2,0,1,1,1,0,1,0,0,1,1,0,0,1,3,10841
1077,0,3,2,0,1,2,0,1,1,1,0,1,0,0,1,1,0,0,1,4,10841
1078,0,3,2,0,1,2,0,1,1,1,0,1,0,0,1,1,0,0,1,5,10841
1079,0,3,2,0,1,2,0,1,1,1,0,1,0,0,1,1,0,0,1,6,10841
1080,0,2,1,0,0,2,0,2,2,1,1,1,0,0,1,0,1,3,0,1,32100
1081,0,2,1,0,0,2,0,2,2,1,1,1,0,0,1,0,1,3,0,2,32100
1082,0,2,1,0,0,2,0,2,2,1,1,1,0,0,1,0,1,3,0,3,32100
1083,0,2,1,0,0,2,0,2,2,1,1,1,0,0,1,0,1,3,0,4,32100
1084,0,2,1,0,0,2,0,2,2,1,1,1,0,0,1,0,1,3,0,5,32100
1085,0,2,1,0,0,2,0,2,2,1,1,1,0,0,1,0,1,3,0,6,32100
1086,0,0,3,0,1,2,2,2,2,4,0,0,0,2,4,1,0,0,1,1,75178
1087,0,0,3,0,1,2,2,2,2,4,0,0,0,2,4,1,0,0,1,2,75178
1088,0,0,3,0,1,2,2,2,2,4,0,0,0,2,4,1,0,0,1,3,75178
1089,0,0,3,0,1,2,2,2,2,4,0,0,0,2,4,1,0,0,1,4,75178
1090,0,0,3,0,1,2,2,2,2,4,0,0,0,2,4,1,0,0,1,5,75178
1091,0,0,3,0,1,2,2,2,2,4,0,0,0,2,4,1,0,0,1,6,75178
1092,0,2,2,0,0,2,0,2,2,1,2,0,0,0,1,1,0,2,0,1,77291
1093,0,2,2,0,0,2,0,2,2,1,2,0,0,0,1,1,0,2,0,2,77291
1094,0,2,2,0,0,2,0,2,2,1,2,0,0,0,1,1,0,2,0,3,77291
1095,0,2,2,0,0,2,0,2,2,1,2,0,0,0,1,1,0,2,0,4,77291
1096,0,2,2,0,0,2,0,2,2,1,2,0,0,0,1,1,0,2,0,5,77291
1097,0,2,2,0,0,2,0,2,2,1,2,0,0,0,1,1,0,2,0,6,77291
1098,0,0,1,0,0,2,0,0,2,4,3,1,0,2,4,0,1,3,1,1,62555
1099,0,0,1,0,0,2,0,0,2,4,3,1,0,2,4,0,1,3,1,2,62555
1100,0,0,1,0,0,2,0,0,2,4,3,1,0,2,4,0,1,3,1,3,62555
1101,0,0,1,0,0,2,0,0,2,4,3,1,0,2,4,0,1,3,1,4,62555
1102,0,0,1,0,0,2,0,0,2,4,3,1,0,2,4,0,1,3,1,5,62555
1103,0,0,1,0,0,2,0,0,2,4,3,1,0,2,4,0,1,3,1,6,62555
1104,0,2,0,0,1,2,1,0,2,1,2,2,0,0,1,1,0,2,1,1,44167
1105,0,2,0,0,1,2,1,0,2,1,2,2,0,0,1,1,0,2,1,2,44167
1106,0,2,0,0,1,2,1,0,2,1,2,2,0,0,1,1,0,2,1,3,44167
1107,0,2,0,0,1,2,1,0,2,1,2,2,0,0,1,1,0,2,1,4,44167
1108,0,2,0,0,1,2,1,0,2,1,2,2,0,0,1,1,0,2,1,5,44167
1109,0,2,0,0,1,2,1,0,2,1,2,2,0,0,1,1,0,2,1,6,44167
1110,0,0,1,0,0,2,3,0,2,4,2,0,0,2,4,1,1,2,0,1,26999
1111,0,0,1,0,0,2,3,0,2,4,2,0,0,2,4,1,1,2,0,2,26999
1112,0,0,1,0,0,2,3,0,2,4,2,0,0,2,4,1,1,2,0,3,26999
1113,0,0,1,0,0,2,3,0,2,4,2,0,0,2,4,1,1,2,0,4,26999
1114,0,0,1,0,0,2,3,0,2,4,2,0,0,2,4,1,1,2,0,5,26999
1115,0,0,1,0,0,2,3,0,2,4,2,0,0,2,4,1,1,2,0,6,26999
1116,1,0,1,0,1,0,1,3,2,4,4,1,0,0,4,1,1,1,0,1,13116
1117,1,0,1,0,1,0,1,3,2,4,4,1,0,0,4,1,1,1,0,2,13116
1118,1,0,1,0,1,0,1,3,2,4,4,1,0,0,4,1,1,1,0,3,13116
1119,1,0,1,0,1,0,1,3,2,4,4,1,0,0,4,1,1,1,0,4,13116
1120,1,0,1,0,1,0,1,3,2,4,4,1,0,0,4,1,1,1,0,5,13116
1121,1,0,1,0,1,0,1,3,2,4,4,1,0,0,4,1,1,1,0,6,13116
1122,1,2,5,0,1,2,1,1,1,1,2,0,0,0,1,0,1,1,0,1,51470
1123,1,2,5,0,1,2,1,1,1,1,2,0,0,0,1,0,1,1,0,2,51470
1124,1,2,5,0,1,2,1,1,1,1,2,0,0,0,1,0,1,1,0,3,51470
1125,1,2,5,0,1,2,1,1,1,1,2,0,0,0,1,0,1,1,0,4,51470
1126,1,2,5,0,1,2,1,1,1,1,2,0,0,0,1,0,1,1,0,5,51470
1127,1,2,5,0,1,2,1,1,1,1,2,0,0,0,1,0,1,1,0,6,51470
1128,0,0,1,0,0,1,2,2,2,4,4,0,0,0,4,0,0,2,1,1,20905
1129,0,0,1,0,0,1,2,2,2,4,4,0,0,0,4,0,0,2,1,2,20905
1130,0,0,1,0,0,1,2,2,2,4,4,0,0,0,4,0,0,2,1,3,20905
1131,0,0,1,0,0,1,2,2,2,4,4,0,0,0,4,0,0,2,1,4,20905
1132,0,0,1,0,0,1,2,2,2,4,4,0,0,0,4,0,0,2,1,5,20905
1133,0,0,1,0,0,1,2,2,2,4,4,0,0,0,4,0,0,2,1,6,20905
1134,0,2,3,0,0,1,1,2,0,1,2,1,0,0,1,1,1,2,0,1,72700
1135,0,2,3,0,0,1,1,2,0,1,2,1,0,0,1,1,1,2,0,2,72700
1136,0,2,3,0,0,1,1,2,0,1,2,1,0,0,1,1,1,2,0,3,72700
1137,0,2,3,0,0,1,1,2,0,1,2,1,0,0,1,1,1,2,0,4,72700
1138,0,2,3,0,0,1,1,2,0,1,2,1,0,0,1,1,1,2,0,5,72700
1139,0,2,3,0,0,1,1,2,0,1,2,1,0,0,1,1,1,2,0,6,72700
1140,0,3,4,0,1,1,0,2,3,1,1,0,0,0,4,1,1,1,0,1,52635
1141,0,3,4,0,1,1,0,2,3,1,1,0,0,0,4,1,1,1,0,2,52635
1142,0,3,4,0,1,1,0,2,3,1,1,0,0,0,4,1,1,1,0,3,52635
1143,0,3,4,0,1,1,0,2,3,1,1,0,0,0,4,1,1,1,0,4,52635
1144,0,3,4,0,1,1,0,2,3,1,1,0,0,0,4,1,1,1,0,5,52635
1145,0,3,4,0,1,1,0,2,3,1,1,0,0,0,4,1,1,1,0,6,52635
1146,1,2,0,0,1,2,3,2,0,1,1,1,0,0,1,1,0,1,1,1,14188
1147,1,2,0,0,1,2,3,2,0,1,1,1,0,0,1,1,0,1,1,2,14188
1148,1,2,0,0,1,2,3,2,0,1,1,1,0,0,1,1,0,1,1,3,14188
1149,1,2,0,0,1,2,3,2,0,1,1,1,0,0,1,1,0,1,1,4,14188
1150,1,2,0,0,1,2,3,2,0,1,1,1,0,0,1,1,0,1,1,5,14188
1151,1,2,0,0,1,2,3,2,0,1,1,1,0,0,1,1,0,1,1,6,14188
1152,0,2,6,0,0,2,3,3,0,1,2,0,0,0,1,1,1,3,0,1,34250
1153,0,2,6,0,0,2,3,3,0,1,2,0,0,0,1,1,1,3,0,2,34250
1154,0,2,6,0,0,2,3,3,0,1,2,0,0,0,1,1,1,3,0,3,34250
1155,0,2,6,0,0,2,3,3,0,1,2,0,0,0,1,1,1,3,0,4,34250
1156,0,2,6,0,0,2,3,3,0,1,2,0,0,0,1,1,1,3,0,5,34250
1157,0,2,6,0,0,2,3,3,0,1,2,0,0,0,1,1,1,3,0,6,34250
1158,0,2,3,0,0,2,2,0,3,4,0,1,0,0,1,1,0,3,0,1,75466
1159,0,2,3,0,0,2,2,0,3,4,0,1,0,0,1,1,0,3,0,2,75466
1160,0,2,3,0,0,2,2,0,3,4,0,1,0,0,1,1,0,3,0,3,75466
1161,0,2,3,0,0,2,2,0,3,4,0,1,0,0,1,1,0,3,0,4,75466
1162,0,2,3,0,0,2,2,0,3,4,0,1,0,0,1,1,0,3,0,5,75466
1163,0,2,3,0,0,2,2,0,3,4,0,1,0,0,1,1,0,3,0,6,75466
1164,1,2,2,0,0,2,2,2,2,1,1,0,0,0,1,0,0,2,1,1,85596
1165,1,2,2,0,0,2,2,2,2,1,1,0,0,0,1,0,0,2,1,2,85596
1166,1,2,2,0,0,2,2,2,2,1,1,0,0,0,1,0,0,2,1,3,85596
1167,1,2,2,0,0,2,2,2,2,1,1,0,0,0,1,0,0,2,1,4,85596
1168,1,2,2,0,0,2,2,2,2,1,1,0,0,0,1,0,0,2,1,5,85596
1169,1,2,2,0,0,2,2,2,2,1,1,0,0,0,1,0,0,2,1,6,85596
1170,0,0,6,0,1,2,2,0,2,4,0,0,0,0,2,1,0,0,1,1,69669
1171,0,0,6,0,1,2,2,0,2,4,0,0,0,0,2,1,0,0,1,2,69669
1172,0,0,6,0,1,2,2,0,2,4,0,0,0,0,2,1,0,0,1,3,69669
1173,0,0,6,0,1,2,2,0,2,4,0,0,0,0,2,1,0,0,1,4,69669
1174,0,0,6,0,1,2,2,0,2,4,0,0,0,0,2,1,0,0,1,5,69669
1175,0,0,6,0,1,2,2,0,2,4,0,0,0,0,2,1,0,0,1,6,69669
1176,1,0,1,1,1,2,0,2,2,0,4,0,1,0,0,1,0,0,1,1,30952
1177,1,0,1,1,1,2,0,2,2,0,4,0,1,0,0,1,0,0,1,2,30952
1178,1,0,1,1,1,2,0,2,2,0,4,0,1,0,0,1,0,0,1,3,30952
1179,1,0,1,1,1,2,0,2,2,0,4,0,1,0,0,1,0,0,1,4,30952
1180,1,0,1,1,1,2,0,2,2,0,4,0,1,0,0,1,0,0,1,5,30952
1181,1,0,1,1,1,2,0,2,2,0,4,0,1,0,0,1,0,0,1,6,30952
1182,1,0,5,0,1,2,0,0,3,1,0,0,0,0,2,1,0,1,1,1,52615
1183,1,0,5,0,1,2,0,0,3,1,0,0,0,0,2,1,0,1,1,2,52615
1184,1,0,5,0,1,2,0,0,3,1,0,0,0,0,2,1,0,1,1,3,52615
1185,1,0,5,0,1,2,0,0,3,1,0,0,0,0,2,1,0,1,1,4,52615
1186,1,0,5,0,1,2,0,0,3,1,0,0,0,0,2,1,0,1,1,5,52615
1187,1,0,5,0,1,2,0,0,3,1,0,0,0,0,2,1,0,1,1,6,52615
1188,1,2,5,0,0,2,0,0,0,1,2,0,0,0,1,0,1,2,1,1,95426
1189,1,2,5,0,0,2,0,0,0,1,2,0,0,0,1,0,1,2,1,2,95426
1190,1,2,5,0,0,2,0,0,0,1,2,0,0,0,1,0,1,2,1,3,95426
1191,1,2,5,0,0,2,0,0,0,1,2,0,0,0,1,0,1,2,1,4,95426
1192,1,2,5,0,0,2,0,0,0,1,2,0,0,0,1,0,1,2,1,5,95426
1193,1,2,5,0,0,2,0,0,0,1,2,0,0,0,1,0,1,2,1,6,95426
1194,0,2,4,0,1,2,1,0,0,3,2,2,0,0,3,0,1,3,0,1,51597
1195,0,2,4,0,1,2,1,0,0,3,2,2,0,0,3,0,1,3,0,2,51597
1196,0,2,4,0,1,2,1,0,0,3,2,2,0,0,3,0,1,3,0,3,51597
1197,0,2,4,0,1,2,1,0,0,3,2,2,0,0,3,0,1,3,0,4,51597
1198,0,2,4,0,1,2,1,0,0,3,2,2,0,0,3,0,1,3,0,5,51597
1199,0,2,4,0,1,2,1,0,0,3,2,2,0,0,3,0,1,3,0,6,51597
1200,0,2,0,0,1,2,0,2,2,1,0,0,0,0,1,0,0,2,0,1,51675
1201,0,2,0,0,1,2,0,2,2,1,0,0,0,0,1,0,0,2,0,2,51675
1202,0,2,0,0,1,2,0,2,2,1,0,0,0,0,1,0,0,2,0,3,51675
1203,0,2,0,0,1,2,0,2,2,1,0,0,0,0,1,0,0,2,0,4,51675
1204,0,2,0,0,1,2,0,2,2,1,0,0,0,0,1,0,0,2,0,5,51675
1205,0,2,0,0,1,2,0,2,2,1,0,0,0,0,1,0,0,2,0,6,51675
1206,1,2,5,0,0,2,1,2,2,1,1,1,0,0,1,1,1,2,0,1,65102
1207,1,2,5,0,0,2,1,2,2,1,1,1,0,0,1,1,1,2,0,2,65102
1208,1,2,5,0,0,2,1,2,2,1,1,1,0,0,1,1,1,2,0,3,65102
1209,1,2,5,0,0,2,1,2,2,1,1,1,0,0,1,1,1,2,0,4,65102
1210,1,2,5,0,0,2,1,2,2,1,1,1,0,0,1,1,1,2,0,5,65102
1211,1,2,5,0,0,2,1,2,2,1,1,1,0,0,1,1,1,2,0,6,65102
1212,0,2,5,0,0,2,1,0,0,1,1,0,0,0,1,1,1,2,0,1,84472
1213,0,2,5,0,0,2,1,0,0,1,1,0,0,0,1,1,1,2,0,2,84472
1214,0,2,5,0,0,2,1,0,0,1,1,0,0,0,1,1,1,2,0,3,84472
1215,0,2,5,0,0,2,1,0,0,1,1,0,0,0,1,1,1,2,0,4,84472
1216,0,2,5,0,0,2,1,0,0,1,1,0,0,0,1,1,1,2,0,5,84472
1217,0,2,5,0,0,2,1,0,0,1,1,0,0,0,1,1,1,2,0,6,84472
1218,0,2,2,0,0,2,0,0,2,1,1,0,0,0,1,1,1,1,0,1,26425
1219,0,2,2,0,0,2,0,0,2,1,1,0,0,0,1,1,1,1,0,2,26425
1220,0,2,2,0,0,2,0,0,2,1,1,0,0,0,1,1,1,1,0,3,26425
1221,0,2,2,0,0,2,0,0,2,1,1,0,0,0,1,1,1,1,0,4,26425
1222,0,2,2,0,0,2,0,0,2,1,1,0,0,0,1,1,1,1,0,5,26425
1223,0,2,2,0,0,2,0,0,2,1,1,0,0,0,1,1,1,1,0,6,26425
